execution,core,y,ypred
1,8,0,1
1,8,1,1
1,8,1,1
1,8,1,1
1,8,2,2
1,8,2,2
1,8,2,1
1,8,0,2
1,8,2,2
1,8,0,0
1,8,1,2
1,8,2,2
1,8,1,1
1,8,1,1
1,8,1,2
1,8,2,2
1,8,2,2
1,8,2,2
1,8,2,1
1,8,0,1
1,8,2,2
1,8,0,2
1,8,2,2
1,8,2,1
1,8,2,1
1,8,0,0
1,8,2,2
1,8,1,1
1,8,1,1
1,8,2,2
1,8,0,1
1,8,2,2
1,8,0,2
1,8,0,2
1,8,0,2
1,8,1,2
1,8,2,2
1,8,0,1
1,8,1,1
1,8,2,2
1,8,0,1
1,8,1,1
1,8,0,1
1,8,2,2
1,8,2,2
1,8,2,2
1,8,0,2
1,8,0,1
1,8,2,2
1,8,1,2
1,8,2,2
1,8,1,2
1,8,2,2
1,8,1,2
1,8,1,1
1,8,2,2
1,8,2,2
1,8,2,2
1,8,0,2
1,8,2,2
1,8,2,2
1,8,1,1
1,8,2,0
1,8,0,2
1,8,1,2
1,8,1,1
1,8,2,2
1,8,2,1
1,8,1,2
1,8,1,1
1,8,1,1
1,8,2,2
1,8,1,2
1,8,0,1
1,8,0,1
1,8,2,2
1,8,2,2
1,8,2,2
1,8,1,1
1,8,1,2
1,8,1,1
1,8,2,2
1,8,2,2
1,8,1,2
1,8,2,2
1,8,1,1
1,8,1,2
1,8,1,2
1,8,0,2
1,8,2,2
1,8,2,2
1,8,2,2
1,8,2,2
1,8,2,2
1,8,2,2
1,8,1,2
1,8,1,1
1,8,2,2
1,8,2,2
1,8,0,1
1,8,0,2
1,8,1,2
1,8,1,1
1,8,1,2
1,8,2,2
1,8,2,2
1,8,2,2
1,8,0,2
1,8,0,2
1,8,2,2
1,8,2,2
1,8,1,1
1,8,1,2
1,8,0,0
1,8,2,1
1,8,2,2
1,8,0,2
1,8,1,1
1,8,0,0
1,8,2,2
1,8,0,1
1,8,2,2
1,8,0,2
1,8,0,0
1,8,2,2
1,8,1,1
1,8,2,2
1,8,1,1
1,8,1,1
1,8,0,1
1,8,0,2
1,8,2,0
1,8,0,0
1,8,2,2
1,8,1,2
1,8,1,2
1,8,1,1
1,8,1,1
1,8,1,1
1,8,1,1
1,8,2,2
1,8,1,2
1,8,0,2
1,8,1,1
1,8,0,2
1,8,0,2
1,8,0,2
1,8,2,2
1,8,1,2
1,8,0,2
1,8,1,1
1,8,2,2
1,8,1,1
1,8,2,2
1,8,1,2
1,8,1,1
1,8,0,2
1,8,1,1
1,8,1,2
1,8,0,1
1,8,2,2
1,8,2,2
1,8,2,2
1,8,2,2
1,8,1,1
1,8,0,2
1,8,1,1
1,8,1,0
1,8,0,1
1,8,1,1
1,8,1,1
1,8,1,2
1,8,1,2
1,8,1,1
1,8,2,2
1,8,2,2
1,8,1,2
1,8,2,2
1,8,1,1
1,8,1,2
1,8,1,1
1,8,2,2
1,8,0,1
1,8,1,1
1,8,0,1
1,8,2,2
1,8,0,0
1,8,0,1
1,8,0,2
1,8,2,2
1,8,0,2
1,8,1,2
1,8,2,2
1,8,2,2
1,8,1,2
1,8,2,2
1,8,1,1
1,8,2,2
1,8,1,2
1,8,2,2
1,8,1,1
1,8,0,2
1,8,2,2
1,8,1,2
1,8,0,0
1,8,2,2
1,8,2,2
1,8,2,2
1,8,0,1
1,8,1,2
1,8,2,2
1,8,2,2
1,8,2,2
1,8,1,2
1,8,1,1
1,8,2,2
1,8,1,1
1,8,2,2
1,8,2,2
1,8,2,2
1,8,2,2
1,8,0,1
1,8,2,2
1,8,0,2
1,8,1,2
1,8,2,2
1,8,0,2
1,8,1,2
1,8,2,2
1,8,0,0
1,8,1,1
1,8,0,2
1,8,1,2
1,8,1,2
1,8,1,1
1,8,2,2
1,8,2,2
1,8,2,2
1,8,0,2
1,8,1,1
1,8,2,2
1,8,2,2
1,8,0,2
1,8,1,1
1,8,2,2
1,8,1,2
1,8,0,0
1,8,1,2
1,8,0,2
1,8,2,2
1,8,1,1
1,8,2,2
1,8,0,1
1,8,2,2
1,8,0,0
1,8,0,1
1,8,0,1
1,8,2,2
1,8,0,2
1,8,1,1
1,8,2,2
1,8,0,2
1,8,2,2
1,8,0,2
1,8,0,2
1,8,1,1
1,8,2,2
1,8,2,2
1,8,1,2
1,8,2,2
1,8,1,1
1,8,2,2
1,8,0,2
1,8,0,1
1,8,1,2
1,8,2,2
1,8,1,1
1,8,2,2
1,8,2,2
1,8,1,1
1,8,2,2
1,8,0,2
1,8,2,2
1,8,1,2
1,8,2,2
1,8,1,2
1,8,2,2
1,8,2,2
1,8,0,2
1,8,0,1
1,8,0,2
1,8,1,2
1,8,0,2
1,8,1,1
1,8,1,1
1,8,0,0
1,8,0,2
1,8,2,2
1,8,2,2
1,8,1,1
1,8,2,2
1,8,1,1
1,8,1,1
1,8,1,1
1,8,1,1
1,8,0,1
1,8,1,1
1,8,0,2
1,8,0,1
1,8,1,2
1,8,1,2
1,8,1,2
1,8,1,1
1,8,1,2
1,8,2,2
1,8,2,2
1,8,1,2
1,8,2,2
1,8,1,1
1,8,1,1
1,8,2,2
1,8,1,2
1,8,0,1
1,8,2,2
1,8,0,0
1,8,0,1
1,8,1,1
1,8,1,2
1,8,1,1
1,8,0,1
1,8,2,2
1,8,2,2
1,8,1,2
1,8,1,1
1,8,1,2
1,8,0,2
1,8,0,2
1,8,2,2
1,8,2,2
1,8,1,2
1,8,1,2
1,8,2,2
1,8,1,2
1,8,0,1
1,8,1,1
1,8,0,1
1,8,1,2
1,8,2,2
1,8,2,2
1,8,2,2
1,8,0,2
1,8,1,2
1,8,0,2
1,8,1,2
1,8,1,2
1,8,1,1
1,8,2,2
1,8,1,0
1,8,1,1
1,8,2,2
1,8,0,1
1,8,2,0
1,8,0,1
1,8,2,2
1,8,1,2
1,8,2,2
1,8,0,0
1,8,2,1
1,8,1,2
1,8,2,2
1,8,0,0
1,8,2,2
1,8,0,2
1,8,0,1
1,8,0,1
1,8,0,1
1,8,0,1
1,8,0,1
1,8,0,2
1,8,1,2
1,8,0,2
1,8,2,2
1,8,1,1
1,8,1,2
1,8,2,2
1,8,2,2
1,8,1,2
1,8,2,2
1,8,2,2
1,8,2,0
1,8,0,1
1,8,0,2
1,8,1,2
1,8,1,1
1,8,0,2
1,8,1,1
1,8,1,2
1,8,1,2
1,8,2,2
1,8,2,2
1,8,2,2
1,8,0,1
1,8,1,2
1,8,0,2
1,8,2,1
1,8,2,2
1,8,2,2
1,8,2,2
1,8,2,2
1,8,2,2
1,8,1,1
1,8,0,1
1,8,1,1
1,8,1,1
1,8,2,2
1,8,1,2
1,8,1,1
1,8,1,1
1,8,0,2
1,8,0,1
1,8,1,1
1,8,2,2
1,8,1,1
1,8,1,2
1,8,1,1
1,8,1,1
1,8,1,2
1,8,2,2
1,8,1,1
1,8,0,1
1,8,1,1
1,8,1,2
1,8,0,2
1,8,1,2
1,8,2,2
1,8,1,1
1,8,0,2
1,8,0,2
1,8,0,2
1,8,1,2
1,8,1,1
1,8,0,1
1,8,2,2
1,8,0,0
1,8,1,2
1,8,0,0
1,8,1,1
1,8,2,2
1,8,0,0
1,8,0,2
1,8,0,2
1,8,1,2
1,8,2,2
1,8,0,1
1,8,0,1
1,8,2,2
1,8,1,1
1,8,1,1
1,8,0,0
1,8,1,1
1,8,1,1
1,8,0,1
1,8,0,2
1,8,1,1
1,8,2,2
1,8,2,2
1,8,2,2
1,8,0,1
1,8,2,2
1,8,1,1
1,8,1,1
1,8,1,1
1,8,0,1
1,8,0,0
1,8,0,1
1,8,1,1
1,8,0,2
1,8,2,2
1,8,1,2
1,8,2,2
1,8,0,1
1,8,1,2
1,8,1,1
1,8,2,2
1,8,1,1
1,8,0,1
1,8,0,2
1,8,2,2
1,8,2,2
1,8,0,0
1,8,2,2
1,8,1,1
1,8,0,1
1,8,0,1
1,8,2,2
1,8,2,2
1,8,1,2
1,8,0,2
1,8,1,2
1,8,2,2
1,8,2,2
1,8,0,0
1,8,0,0
1,8,1,1
1,8,2,2
1,8,2,2
1,8,2,2
1,8,0,1
1,8,0,1
1,8,0,1
1,8,1,1
1,8,2,2
1,8,2,2
1,8,2,2
1,8,0,2
1,8,1,2
1,8,1,1
1,8,0,1
1,8,2,2
1,8,1,2
1,8,2,2
1,8,1,2
1,8,2,2
1,8,2,2
1,8,2,2
1,8,2,0
1,8,0,1
1,8,1,2
1,8,2,2
1,8,0,2
1,8,2,1
1,8,2,2
1,8,1,1
1,8,0,2
1,8,2,2
1,8,1,1
1,8,2,2
1,8,2,2
1,8,1,1
1,8,1,2
1,8,2,2
1,8,2,2
1,8,1,1
1,8,2,2
1,8,2,2
1,8,2,2
1,8,0,2
1,8,2,2
1,8,1,1
1,8,1,2
1,8,1,1
1,8,1,1
1,8,1,1
1,8,2,2
1,8,1,1
1,8,2,2
1,8,1,1
1,8,0,2
1,8,0,2
1,8,1,1
1,8,0,1
1,8,1,1
1,8,0,1
1,8,2,2
1,8,2,2
1,8,0,1
1,8,1,1
1,8,2,2
1,8,1,2
1,8,1,1
1,8,2,0
1,8,1,2
1,8,2,2
1,8,1,2
1,8,0,2
1,8,1,1
1,8,0,2
1,8,1,2
1,8,0,0
1,8,2,2
1,8,1,1
1,8,2,2
1,8,1,1
1,8,0,0
1,8,1,1
1,8,2,2
1,8,2,2
1,8,0,1
1,8,1,0
1,8,2,2
1,8,2,2
1,8,0,2
1,8,2,2
1,8,2,2
1,8,2,2
1,8,0,2
1,8,1,1
1,8,2,2
1,8,2,2
1,8,0,1
1,8,2,0
1,8,1,2
1,8,2,2
1,8,0,2
1,8,0,2
1,8,2,2
1,8,1,2
1,8,1,1
1,8,1,1
1,8,2,2
1,8,1,2
1,8,0,2
1,8,0,2
1,8,0,0
1,8,2,2
1,8,1,2
1,8,2,2
1,8,0,2
1,8,2,2
1,8,1,2
1,8,1,2
1,8,2,0
1,8,1,2
1,8,2,2
1,8,2,2
1,8,0,1
1,8,1,2
1,8,1,2
1,8,2,2
1,8,1,2
1,8,1,1
1,8,2,2
1,8,1,2
1,8,1,1
1,8,0,0
1,8,2,2
1,8,1,2
1,8,1,1
1,8,1,1
1,8,2,2
1,8,0,2
1,8,0,2
1,8,0,0
1,8,0,0
1,8,0,1
1,8,0,0
1,8,0,1
1,8,1,2
1,8,0,1
1,8,1,2
1,8,1,2
1,8,1,1
1,8,1,1
1,8,1,1
1,8,2,2
1,8,2,0
1,8,2,2
1,8,1,1
1,8,1,1
1,8,0,2
1,8,0,2
1,8,1,2
1,8,2,2
1,8,0,1
1,8,1,2
1,8,2,2
1,8,1,2
1,8,2,2
1,8,0,2
1,8,2,2
1,8,2,2
1,8,2,2
1,8,0,1
1,8,1,1
1,8,2,2
1,8,2,1
1,8,2,2
1,8,1,1
1,8,2,2
1,8,0,0
1,8,1,2
1,8,1,1
1,8,0,0
1,8,2,2
1,8,2,2
1,8,2,1
1,8,2,2
1,8,2,2
1,8,2,2
1,8,1,1
1,8,0,1
1,8,0,2
1,8,1,1
1,8,0,2
1,8,1,2
1,8,2,2
1,8,0,0
1,8,2,2
1,8,2,2
1,8,1,2
1,8,0,0
1,8,1,1
1,8,1,2
1,8,2,2
1,8,0,1
1,8,0,1
1,8,0,2
1,8,0,0
1,8,2,2
1,8,1,2
1,8,2,2
1,8,1,2
1,8,2,2
1,8,1,2
1,8,2,2
1,8,1,1
1,8,2,2
1,8,0,2
1,8,1,2
1,8,1,1
1,8,0,2
1,8,2,2
1,8,2,1
1,8,1,2
1,8,0,2
1,8,2,2
1,8,1,2
1,8,0,2
1,8,1,1
1,8,2,2
1,8,1,1
1,8,1,1
1,8,2,2
1,8,0,2
1,8,0,1
1,8,1,2
1,8,0,1
1,8,0,2
1,8,2,2
1,8,2,2
1,8,0,0
1,8,0,2
1,8,1,2
1,8,0,2
1,8,1,1
1,8,0,2
1,8,1,1
1,8,2,2
1,8,0,1
1,8,2,2
1,8,2,2
1,8,1,1
1,8,1,1
1,8,2,2
1,8,0,2
1,8,1,1
1,8,2,2
1,8,0,1
1,8,1,1
1,8,0,1
1,8,1,2
1,8,2,1
1,8,1,1
1,8,1,2
1,8,2,2
1,8,1,2
1,8,1,2
1,8,1,2
1,8,1,2
1,8,2,0
1,8,1,2
1,8,0,2
1,8,2,2
1,8,2,2
1,8,0,2
1,8,0,2
1,8,2,2
1,8,1,1
1,8,1,1
1,8,2,2
1,8,0,1
1,8,2,2
1,8,2,2
1,8,1,2
1,8,2,2
1,8,2,2
1,8,0,0
1,8,2,2
1,8,2,2
1,8,2,2
1,8,1,2
1,8,1,1
1,8,2,2
1,8,1,1
1,8,2,2
1,8,0,1
1,8,2,2
1,8,1,1
1,8,0,1
1,8,1,1
1,8,0,1
1,8,1,1
1,8,0,1
1,8,1,2
1,8,0,2
1,8,2,2
1,8,2,2
1,8,2,2
1,8,1,1
1,8,1,1
1,8,2,2
1,8,0,1
1,8,0,1
1,8,1,2
1,8,1,2
1,8,1,1
1,8,2,0
1,8,1,2
1,8,1,1
1,8,2,2
1,8,0,2
1,8,1,1
1,8,1,2
1,8,1,2
1,8,2,2
1,8,2,2
1,8,1,2
1,8,0,2
1,8,2,2
1,8,0,0
1,8,0,2
1,8,0,0
1,8,2,2
1,8,2,2
1,8,0,1
1,8,0,2
1,8,1,2
1,8,2,2
1,8,0,2
1,8,1,1
1,8,1,2
1,8,1,1
1,8,2,2
1,8,2,1
1,8,1,2
1,8,0,2
1,8,0,1
1,8,0,2
1,8,1,2
1,8,1,2
1,8,1,2
1,8,1,1
1,8,2,2
1,8,1,2
1,8,0,2
1,8,2,2
1,8,0,2
1,8,1,2
1,8,0,2
1,8,1,1
1,8,2,2
1,8,1,1
1,8,2,2
1,8,1,2
1,8,1,2
1,8,0,2
1,8,2,2
1,8,2,2
1,8,1,2
1,8,2,2
1,8,1,2
1,8,0,1
1,8,2,2
1,8,1,2
1,8,1,1
1,8,0,0
1,8,0,2
1,8,1,2
1,8,2,2
1,8,1,2
1,8,2,2
1,8,0,2
1,8,1,1
1,8,2,2
1,8,0,2
1,8,2,2
1,8,0,2
1,8,0,0
1,8,2,2
1,8,1,2
1,8,2,2
1,8,1,2
1,8,2,1
1,8,0,1
1,8,1,2
1,8,2,2
1,8,1,1
1,8,1,2
1,8,0,0
1,8,2,2
1,8,1,2
1,8,0,1
1,8,1,2
1,8,0,2
1,8,1,1
1,8,0,1
1,8,1,2
1,8,2,2
1,8,0,2
1,8,0,1
1,8,0,1
1,8,0,2
1,8,2,2
1,8,1,1
1,8,0,1
1,8,2,2
1,8,0,1
1,8,1,2
1,8,2,2
1,8,2,2
1,8,2,2
1,8,0,2
1,8,2,2
1,8,1,2
1,8,0,2
1,8,1,2
1,8,1,2
1,8,0,1
1,8,2,2
1,8,2,2
1,8,2,2
1,8,1,2
1,8,0,0
1,8,2,2
1,8,2,2
1,8,2,2
1,8,1,2
1,8,2,2
1,8,0,0
1,8,2,2
1,8,1,2
1,8,0,2
1,8,0,1
1,8,2,2
1,8,1,2
1,8,1,1
1,8,1,2
1,8,2,2
1,8,1,2
1,8,0,0
1,8,2,2
1,8,2,2
1,8,1,1
1,8,1,2
1,8,1,1
1,8,2,0
1,8,2,2
1,8,0,0
1,8,2,2
1,8,1,1
1,8,1,0
1,8,2,2
1,8,2,2
1,8,2,2
1,8,2,2
1,8,1,1
1,8,2,2
1,8,0,0
1,8,1,2
1,8,0,1
1,8,2,1
1,8,0,2
1,8,2,2
1,8,1,2
1,8,0,1
1,8,0,2
1,8,1,1
1,8,1,2
1,8,1,1
1,8,2,2
1,8,0,0
1,8,2,2
1,8,1,2
1,8,2,2
1,8,1,1
1,8,1,1
1,8,0,1
1,8,2,1
1,8,1,1
1,8,2,2
1,8,1,2
1,8,1,1
1,8,0,2
1,8,1,1
1,8,1,1
1,8,1,2
1,8,1,1
1,8,1,1
1,8,2,0
1,8,0,0
1,8,2,2
1,8,1,1
1,8,1,1
1,8,0,1
1,8,2,2
1,8,0,0
1,8,0,1
1,8,2,2
1,8,1,1
1,8,2,2
1,8,2,2
1,8,2,2
1,8,1,1
1,8,0,2
1,8,0,2
1,8,0,2
1,8,2,2
1,8,2,2
1,8,1,1
1,8,2,2
1,8,1,2
1,8,2,2
1,8,2,2
1,8,2,2
1,8,1,2
1,8,1,1
1,8,0,2
1,8,2,2
1,8,1,1
1,8,2,2
1,8,0,2
1,8,0,0
1,8,1,2
1,8,1,1
1,8,2,2
1,8,0,1
1,8,0,2
1,8,1,1
execution,core,y,ypred
2,8,0,2
2,8,1,2
2,8,1,2
2,8,1,2
2,8,2,2
2,8,2,2
2,8,2,0
2,8,0,2
2,8,2,2
2,8,0,0
2,8,1,2
2,8,2,2
2,8,1,2
2,8,1,1
2,8,1,2
2,8,2,2
2,8,2,2
2,8,2,2
2,8,2,2
2,8,0,0
2,8,2,2
2,8,0,2
2,8,2,2
2,8,2,2
2,8,2,2
2,8,0,0
2,8,2,2
2,8,1,1
2,8,1,1
2,8,2,2
2,8,0,1
2,8,2,2
2,8,0,1
2,8,0,0
2,8,0,0
2,8,1,2
2,8,2,2
2,8,0,0
2,8,1,2
2,8,2,2
2,8,0,1
2,8,1,1
2,8,0,1
2,8,2,2
2,8,2,2
2,8,2,2
2,8,0,2
2,8,0,1
2,8,2,2
2,8,1,2
2,8,2,2
2,8,1,2
2,8,2,2
2,8,1,2
2,8,1,1
2,8,2,2
2,8,2,2
2,8,2,2
2,8,0,2
2,8,2,2
2,8,2,2
2,8,1,2
2,8,2,0
2,8,0,1
2,8,1,2
2,8,1,1
2,8,2,2
2,8,2,1
2,8,1,2
2,8,1,1
2,8,1,1
2,8,2,2
2,8,1,2
2,8,0,1
2,8,0,1
2,8,2,2
2,8,2,2
2,8,2,2
2,8,1,2
2,8,1,2
2,8,1,2
2,8,2,0
2,8,2,2
2,8,1,2
2,8,2,2
2,8,1,1
2,8,1,2
2,8,1,2
2,8,0,2
2,8,2,2
2,8,2,2
2,8,2,2
2,8,2,2
2,8,2,2
2,8,2,2
2,8,1,2
2,8,1,1
2,8,2,2
2,8,2,2
2,8,0,1
2,8,0,2
2,8,1,2
2,8,1,1
2,8,1,2
2,8,2,2
2,8,2,2
2,8,2,2
2,8,0,2
2,8,0,2
2,8,2,2
2,8,2,2
2,8,1,2
2,8,1,2
2,8,0,0
2,8,2,2
2,8,2,2
2,8,0,1
2,8,1,2
2,8,0,0
2,8,2,2
2,8,0,1
2,8,2,2
2,8,0,0
2,8,0,0
2,8,2,2
2,8,1,1
2,8,2,2
2,8,1,2
2,8,1,2
2,8,0,1
2,8,0,0
2,8,2,0
2,8,0,0
2,8,2,2
2,8,1,2
2,8,1,2
2,8,1,1
2,8,1,1
2,8,1,2
2,8,1,2
2,8,2,2
2,8,1,2
2,8,0,2
2,8,1,1
2,8,0,2
2,8,0,2
2,8,0,0
2,8,2,2
2,8,1,2
2,8,0,2
2,8,1,1
2,8,2,2
2,8,1,1
2,8,2,2
2,8,1,2
2,8,1,1
2,8,0,2
2,8,1,1
2,8,1,2
2,8,0,1
2,8,2,2
2,8,2,2
2,8,2,2
2,8,2,2
2,8,1,0
2,8,0,0
2,8,1,1
2,8,1,0
2,8,0,0
2,8,1,1
2,8,1,2
2,8,1,2
2,8,1,2
2,8,1,1
2,8,2,2
2,8,2,2
2,8,1,2
2,8,2,2
2,8,1,2
2,8,1,2
2,8,1,1
2,8,2,2
2,8,0,0
2,8,1,2
2,8,0,0
2,8,2,2
2,8,0,0
2,8,0,1
2,8,0,2
2,8,2,2
2,8,0,2
2,8,1,0
2,8,2,2
2,8,2,2
2,8,1,2
2,8,2,2
2,8,1,0
2,8,2,2
2,8,1,2
2,8,2,2
2,8,1,1
2,8,0,2
2,8,2,2
2,8,1,2
2,8,0,0
2,8,2,2
2,8,2,2
2,8,2,2
2,8,0,2
2,8,1,2
2,8,2,2
2,8,2,2
2,8,2,2
2,8,1,2
2,8,1,2
2,8,2,2
2,8,1,1
2,8,2,2
2,8,2,2
2,8,2,2
2,8,2,2
2,8,0,1
2,8,2,2
2,8,0,0
2,8,1,2
2,8,2,0
2,8,0,2
2,8,1,2
2,8,2,0
2,8,0,0
2,8,1,1
2,8,0,2
2,8,1,2
2,8,1,1
2,8,1,2
2,8,2,2
2,8,2,2
2,8,2,2
2,8,0,2
2,8,1,1
2,8,2,2
2,8,2,2
2,8,0,0
2,8,1,2
2,8,2,2
2,8,1,2
2,8,0,0
2,8,1,2
2,8,0,0
2,8,2,2
2,8,1,1
2,8,2,2
2,8,0,0
2,8,2,0
2,8,0,0
2,8,0,1
2,8,0,1
2,8,2,2
2,8,0,0
2,8,1,1
2,8,2,2
2,8,0,0
2,8,2,2
2,8,0,0
2,8,0,2
2,8,1,0
2,8,2,0
2,8,2,2
2,8,1,2
2,8,2,0
2,8,1,2
2,8,2,0
2,8,0,0
2,8,0,2
2,8,1,2
2,8,2,1
2,8,1,1
2,8,2,2
2,8,2,2
2,8,1,1
2,8,2,2
2,8,0,0
2,8,2,2
2,8,1,2
2,8,2,2
2,8,1,2
2,8,2,2
2,8,2,2
2,8,0,2
2,8,0,0
2,8,0,2
2,8,1,2
2,8,0,2
2,8,1,1
2,8,1,2
2,8,0,0
2,8,0,2
2,8,2,2
2,8,2,2
2,8,1,1
2,8,2,2
2,8,1,2
2,8,1,1
2,8,1,1
2,8,1,1
2,8,0,0
2,8,1,2
2,8,0,2
2,8,0,1
2,8,1,2
2,8,1,2
2,8,1,2
2,8,1,2
2,8,1,2
2,8,2,2
2,8,2,2
2,8,1,2
2,8,2,2
2,8,1,1
2,8,1,1
2,8,2,2
2,8,1,2
2,8,0,2
2,8,2,2
2,8,0,0
2,8,0,0
2,8,1,2
2,8,1,2
2,8,1,1
2,8,0,1
2,8,2,2
2,8,2,2
2,8,1,2
2,8,1,2
2,8,1,2
2,8,0,2
2,8,0,2
2,8,2,2
2,8,2,2
2,8,1,2
2,8,1,2
2,8,2,2
2,8,1,2
2,8,0,1
2,8,1,1
2,8,0,1
2,8,1,2
2,8,2,2
2,8,2,2
2,8,2,2
2,8,0,2
2,8,1,2
2,8,0,2
2,8,1,2
2,8,1,2
2,8,1,2
2,8,2,2
2,8,1,0
2,8,1,2
2,8,2,2
2,8,0,0
2,8,2,0
2,8,0,1
2,8,2,0
2,8,1,2
2,8,2,2
2,8,0,0
2,8,2,1
2,8,1,2
2,8,2,2
2,8,0,0
2,8,2,2
2,8,0,2
2,8,0,1
2,8,0,1
2,8,0,1
2,8,0,1
2,8,0,1
2,8,0,0
2,8,1,2
2,8,0,2
2,8,2,2
2,8,1,1
2,8,1,2
2,8,2,2
2,8,2,2
2,8,1,2
2,8,2,2
2,8,2,2
2,8,2,0
2,8,0,0
2,8,0,2
2,8,1,2
2,8,1,2
2,8,0,2
2,8,1,2
2,8,1,2
2,8,1,2
2,8,2,2
2,8,2,2
2,8,2,0
2,8,0,0
2,8,1,2
2,8,0,2
2,8,2,2
2,8,2,2
2,8,2,2
2,8,2,2
2,8,2,2
2,8,2,2
2,8,1,0
2,8,0,1
2,8,1,2
2,8,1,2
2,8,2,2
2,8,1,2
2,8,1,1
2,8,1,0
2,8,0,0
2,8,0,1
2,8,1,0
2,8,2,2
2,8,1,0
2,8,1,2
2,8,1,2
2,8,1,2
2,8,1,1
2,8,2,2
2,8,1,1
2,8,0,1
2,8,1,1
2,8,1,2
2,8,0,0
2,8,1,2
2,8,2,2
2,8,1,0
2,8,0,0
2,8,0,2
2,8,0,2
2,8,1,2
2,8,1,2
2,8,0,2
2,8,2,0
2,8,0,0
2,8,1,2
2,8,0,0
2,8,1,2
2,8,2,2
2,8,0,0
2,8,0,2
2,8,0,2
2,8,1,2
2,8,2,2
2,8,0,0
2,8,0,2
2,8,2,2
2,8,1,1
2,8,1,1
2,8,0,0
2,8,1,1
2,8,1,2
2,8,0,1
2,8,0,2
2,8,1,2
2,8,2,2
2,8,2,2
2,8,2,2
2,8,0,1
2,8,2,2
2,8,1,2
2,8,1,1
2,8,1,1
2,8,0,1
2,8,0,0
2,8,0,1
2,8,1,1
2,8,0,2
2,8,2,2
2,8,1,2
2,8,2,2
2,8,0,1
2,8,1,2
2,8,1,2
2,8,2,2
2,8,1,2
2,8,0,0
2,8,0,0
2,8,2,2
2,8,2,0
2,8,0,0
2,8,2,0
2,8,1,2
2,8,0,1
2,8,0,2
2,8,2,2
2,8,2,2
2,8,1,2
2,8,0,0
2,8,1,2
2,8,2,2
2,8,2,2
2,8,0,0
2,8,0,0
2,8,1,1
2,8,2,2
2,8,2,2
2,8,2,2
2,8,0,1
2,8,0,1
2,8,0,1
2,8,1,1
2,8,2,2
2,8,2,2
2,8,2,2
2,8,0,2
2,8,1,2
2,8,1,1
2,8,0,1
2,8,2,2
2,8,1,2
2,8,2,2
2,8,1,2
2,8,2,0
2,8,2,2
2,8,2,2
2,8,2,0
2,8,0,1
2,8,1,2
2,8,2,0
2,8,0,2
2,8,2,1
2,8,2,2
2,8,1,2
2,8,0,1
2,8,2,2
2,8,1,2
2,8,2,2
2,8,2,2
2,8,1,2
2,8,1,2
2,8,2,2
2,8,2,2
2,8,1,0
2,8,2,2
2,8,2,2
2,8,2,2
2,8,0,2
2,8,2,2
2,8,1,2
2,8,1,2
2,8,1,2
2,8,1,2
2,8,1,1
2,8,2,0
2,8,1,2
2,8,2,2
2,8,1,2
2,8,0,2
2,8,0,2
2,8,1,1
2,8,0,1
2,8,1,1
2,8,0,1
2,8,2,2
2,8,2,2
2,8,0,1
2,8,1,2
2,8,2,2
2,8,1,2
2,8,1,1
2,8,2,0
2,8,1,0
2,8,2,0
2,8,1,2
2,8,0,0
2,8,1,1
2,8,0,2
2,8,1,2
2,8,0,0
2,8,2,2
2,8,1,1
2,8,2,2
2,8,1,1
2,8,0,0
2,8,1,2
2,8,2,1
2,8,2,0
2,8,0,1
2,8,1,0
2,8,2,2
2,8,2,2
2,8,0,0
2,8,2,2
2,8,2,2
2,8,2,2
2,8,0,0
2,8,1,1
2,8,2,2
2,8,2,2
2,8,0,0
2,8,2,0
2,8,1,2
2,8,2,2
2,8,0,2
2,8,0,2
2,8,2,2
2,8,1,2
2,8,1,1
2,8,1,2
2,8,2,2
2,8,1,2
2,8,0,0
2,8,0,1
2,8,0,0
2,8,2,2
2,8,1,2
2,8,2,0
2,8,0,2
2,8,2,2
2,8,1,2
2,8,1,2
2,8,2,0
2,8,1,2
2,8,2,2
2,8,2,2
2,8,0,0
2,8,1,2
2,8,1,2
2,8,2,2
2,8,1,2
2,8,1,1
2,8,2,2
2,8,1,2
2,8,1,2
2,8,0,0
2,8,2,2
2,8,1,2
2,8,1,1
2,8,1,2
2,8,2,2
2,8,0,2
2,8,0,2
2,8,0,0
2,8,0,0
2,8,0,1
2,8,0,0
2,8,0,1
2,8,1,2
2,8,0,1
2,8,1,2
2,8,1,2
2,8,1,1
2,8,1,2
2,8,1,2
2,8,2,2
2,8,2,1
2,8,2,2
2,8,1,1
2,8,1,0
2,8,0,2
2,8,0,2
2,8,1,2
2,8,2,2
2,8,0,2
2,8,1,2
2,8,2,2
2,8,1,2
2,8,2,2
2,8,0,2
2,8,2,2
2,8,2,2
2,8,2,2
2,8,0,0
2,8,1,2
2,8,2,2
2,8,2,1
2,8,2,2
2,8,1,2
2,8,2,2
2,8,0,0
2,8,1,2
2,8,1,0
2,8,0,0
2,8,2,0
2,8,2,2
2,8,2,0
2,8,2,2
2,8,2,2
2,8,2,2
2,8,1,1
2,8,0,1
2,8,0,2
2,8,1,1
2,8,0,2
2,8,1,2
2,8,2,2
2,8,0,0
2,8,2,2
2,8,2,2
2,8,1,0
2,8,0,2
2,8,1,2
2,8,1,2
2,8,2,2
2,8,0,1
2,8,0,1
2,8,0,0
2,8,0,0
2,8,2,2
2,8,1,1
2,8,2,0
2,8,1,2
2,8,2,1
2,8,1,1
2,8,2,2
2,8,1,1
2,8,2,2
2,8,0,0
2,8,1,2
2,8,1,2
2,8,0,2
2,8,2,2
2,8,2,1
2,8,1,2
2,8,0,2
2,8,2,2
2,8,1,2
2,8,0,2
2,8,1,2
2,8,2,2
2,8,1,2
2,8,1,1
2,8,2,2
2,8,0,2
2,8,0,1
2,8,1,2
2,8,0,1
2,8,0,0
2,8,2,1
2,8,2,2
2,8,0,0
2,8,0,1
2,8,1,1
2,8,0,2
2,8,1,2
2,8,0,2
2,8,1,2
2,8,2,2
2,8,0,2
2,8,2,2
2,8,2,2
2,8,1,2
2,8,1,0
2,8,2,2
2,8,0,0
2,8,1,0
2,8,2,2
2,8,0,1
2,8,1,2
2,8,0,2
2,8,1,2
2,8,2,1
2,8,1,0
2,8,1,2
2,8,2,2
2,8,1,2
2,8,1,2
2,8,1,2
2,8,1,2
2,8,2,0
2,8,1,2
2,8,0,0
2,8,2,2
2,8,2,2
2,8,0,2
2,8,0,0
2,8,2,2
2,8,1,1
2,8,1,1
2,8,2,2
2,8,0,1
2,8,2,2
2,8,2,2
2,8,1,1
2,8,2,2
2,8,2,2
2,8,0,0
2,8,2,2
2,8,2,0
2,8,2,2
2,8,1,2
2,8,1,2
2,8,2,2
2,8,1,2
2,8,2,2
2,8,0,0
2,8,2,2
2,8,1,2
2,8,0,2
2,8,1,1
2,8,0,1
2,8,1,2
2,8,0,1
2,8,1,2
2,8,0,1
2,8,2,2
2,8,2,2
2,8,2,2
2,8,1,2
2,8,1,1
2,8,2,2
2,8,0,0
2,8,0,2
2,8,1,2
2,8,1,2
2,8,1,2
2,8,2,0
2,8,1,2
2,8,1,2
2,8,2,2
2,8,0,2
2,8,1,1
2,8,1,2
2,8,1,2
2,8,2,2
2,8,2,2
2,8,1,2
2,8,0,0
2,8,2,2
2,8,0,0
2,8,0,2
2,8,0,0
2,8,2,2
2,8,2,2
2,8,0,1
2,8,0,2
2,8,1,2
2,8,2,0
2,8,0,2
2,8,1,1
2,8,1,2
2,8,1,0
2,8,2,2
2,8,2,2
2,8,1,2
2,8,0,0
2,8,0,0
2,8,0,1
2,8,1,2
2,8,1,2
2,8,1,2
2,8,1,1
2,8,2,2
2,8,1,2
2,8,0,2
2,8,2,2
2,8,0,2
2,8,1,2
2,8,0,2
2,8,1,1
2,8,2,1
2,8,1,1
2,8,2,2
2,8,1,2
2,8,1,2
2,8,0,2
2,8,2,2
2,8,2,2
2,8,1,0
2,8,2,2
2,8,1,2
2,8,0,0
2,8,2,2
2,8,1,2
2,8,1,1
2,8,0,0
2,8,0,2
2,8,1,0
2,8,2,2
2,8,1,2
2,8,2,2
2,8,0,2
2,8,1,2
2,8,2,2
2,8,0,0
2,8,2,1
2,8,0,2
2,8,0,0
2,8,2,2
2,8,1,2
2,8,2,0
2,8,1,2
2,8,2,2
2,8,0,2
2,8,1,2
2,8,2,2
2,8,1,1
2,8,1,2
2,8,0,0
2,8,2,0
2,8,1,2
2,8,0,1
2,8,1,0
2,8,0,2
2,8,1,2
2,8,0,1
2,8,1,2
2,8,2,1
2,8,0,2
2,8,0,2
2,8,0,0
2,8,0,0
2,8,2,2
2,8,1,1
2,8,0,1
2,8,2,2
2,8,0,1
2,8,1,2
2,8,2,2
2,8,2,2
2,8,2,2
2,8,0,1
2,8,2,2
2,8,1,2
2,8,0,2
2,8,1,2
2,8,1,2
2,8,0,1
2,8,2,0
2,8,2,2
2,8,2,2
2,8,1,2
2,8,0,0
2,8,2,2
2,8,2,2
2,8,2,2
2,8,1,2
2,8,2,2
2,8,0,0
2,8,2,2
2,8,1,2
2,8,0,2
2,8,0,1
2,8,2,2
2,8,1,2
2,8,1,1
2,8,1,2
2,8,2,0
2,8,1,2
2,8,0,0
2,8,2,2
2,8,2,2
2,8,1,2
2,8,1,2
2,8,1,2
2,8,2,0
2,8,2,2
2,8,0,0
2,8,2,2
2,8,1,1
2,8,1,0
2,8,2,2
2,8,2,2
2,8,2,2
2,8,2,2
2,8,1,2
2,8,2,2
2,8,0,0
2,8,1,2
2,8,0,2
2,8,2,2
2,8,0,2
2,8,2,2
2,8,1,1
2,8,0,2
2,8,0,0
2,8,1,1
2,8,1,2
2,8,1,1
2,8,2,2
2,8,0,0
2,8,2,2
2,8,1,0
2,8,2,2
2,8,1,1
2,8,1,1
2,8,0,1
2,8,2,2
2,8,1,1
2,8,2,2
2,8,1,2
2,8,1,1
2,8,0,0
2,8,1,2
2,8,1,1
2,8,1,0
2,8,1,2
2,8,1,2
2,8,2,0
2,8,0,0
2,8,2,2
2,8,1,2
2,8,1,2
2,8,0,0
2,8,2,2
2,8,0,0
2,8,0,1
2,8,2,2
2,8,1,2
2,8,2,2
2,8,2,2
2,8,2,2
2,8,1,1
2,8,0,2
2,8,0,2
2,8,0,2
2,8,2,2
2,8,2,2
2,8,1,2
2,8,2,0
2,8,1,2
2,8,2,2
2,8,2,2
2,8,2,2
2,8,1,2
2,8,1,1
2,8,0,2
2,8,2,2
2,8,1,2
2,8,2,2
2,8,0,1
2,8,0,0
2,8,1,2
2,8,1,2
2,8,2,2
2,8,0,2
2,8,0,2
2,8,1,2
execution,core,y,ypred
3,8,0,1
3,8,1,1
3,8,1,1
3,8,1,2
3,8,2,2
3,8,2,2
3,8,2,2
3,8,0,2
3,8,2,2
3,8,0,0
3,8,1,2
3,8,2,2
3,8,1,1
3,8,1,1
3,8,1,2
3,8,2,2
3,8,2,2
3,8,2,2
3,8,2,2
3,8,0,0
3,8,2,2
3,8,0,2
3,8,2,2
3,8,2,1
3,8,2,2
3,8,0,0
3,8,2,2
3,8,1,1
3,8,1,1
3,8,2,2
3,8,0,1
3,8,2,2
3,8,0,1
3,8,0,0
3,8,0,2
3,8,1,1
3,8,2,2
3,8,0,1
3,8,1,2
3,8,2,2
3,8,0,1
3,8,1,1
3,8,0,1
3,8,2,2
3,8,2,2
3,8,2,2
3,8,0,2
3,8,0,1
3,8,2,2
3,8,1,2
3,8,2,2
3,8,1,2
3,8,2,2
3,8,1,2
3,8,1,1
3,8,2,2
3,8,2,2
3,8,2,2
3,8,0,1
3,8,2,2
3,8,2,2
3,8,1,1
3,8,2,0
3,8,0,2
3,8,1,2
3,8,1,1
3,8,2,2
3,8,2,1
3,8,1,1
3,8,1,1
3,8,1,1
3,8,2,2
3,8,1,2
3,8,0,1
3,8,0,0
3,8,2,2
3,8,2,2
3,8,2,2
3,8,1,2
3,8,1,2
3,8,1,1
3,8,2,2
3,8,2,2
3,8,1,2
3,8,2,2
3,8,1,1
3,8,1,2
3,8,1,2
3,8,0,1
3,8,2,2
3,8,2,2
3,8,2,2
3,8,2,2
3,8,2,2
3,8,2,2
3,8,1,2
3,8,1,1
3,8,2,2
3,8,2,2
3,8,0,1
3,8,0,2
3,8,1,2
3,8,1,1
3,8,1,2
3,8,2,2
3,8,2,2
3,8,2,2
3,8,0,2
3,8,0,1
3,8,2,2
3,8,2,1
3,8,1,2
3,8,1,1
3,8,0,0
3,8,2,2
3,8,2,2
3,8,0,1
3,8,1,1
3,8,0,0
3,8,2,2
3,8,0,1
3,8,2,2
3,8,0,2
3,8,0,0
3,8,2,2
3,8,1,1
3,8,2,2
3,8,1,1
3,8,1,1
3,8,0,1
3,8,0,2
3,8,2,0
3,8,0,0
3,8,2,2
3,8,1,1
3,8,1,2
3,8,1,1
3,8,1,1
3,8,1,1
3,8,1,1
3,8,2,2
3,8,1,2
3,8,0,2
3,8,1,1
3,8,0,2
3,8,0,2
3,8,0,0
3,8,2,2
3,8,1,2
3,8,0,2
3,8,1,1
3,8,2,2
3,8,1,1
3,8,2,2
3,8,1,2
3,8,1,1
3,8,0,2
3,8,1,1
3,8,1,2
3,8,0,1
3,8,2,2
3,8,2,2
3,8,2,2
3,8,2,2
3,8,1,1
3,8,0,2
3,8,1,1
3,8,1,0
3,8,0,0
3,8,1,1
3,8,1,1
3,8,1,2
3,8,1,2
3,8,1,1
3,8,2,2
3,8,2,2
3,8,1,2
3,8,2,2
3,8,1,1
3,8,1,2
3,8,1,2
3,8,2,2
3,8,0,0
3,8,1,1
3,8,0,0
3,8,2,2
3,8,0,0
3,8,0,1
3,8,0,2
3,8,2,2
3,8,0,2
3,8,1,0
3,8,2,2
3,8,2,2
3,8,1,2
3,8,2,2
3,8,1,1
3,8,2,2
3,8,1,2
3,8,2,2
3,8,1,1
3,8,0,2
3,8,2,2
3,8,1,2
3,8,0,0
3,8,2,2
3,8,2,2
3,8,2,2
3,8,0,1
3,8,1,2
3,8,2,2
3,8,2,2
3,8,2,2
3,8,1,2
3,8,1,2
3,8,2,2
3,8,1,1
3,8,2,2
3,8,2,2
3,8,2,2
3,8,2,2
3,8,0,1
3,8,2,2
3,8,0,0
3,8,1,1
3,8,2,2
3,8,0,2
3,8,1,1
3,8,2,2
3,8,0,0
3,8,1,1
3,8,0,2
3,8,1,2
3,8,1,2
3,8,1,1
3,8,2,2
3,8,2,2
3,8,2,2
3,8,0,2
3,8,1,1
3,8,2,2
3,8,2,2
3,8,0,2
3,8,1,2
3,8,2,2
3,8,1,2
3,8,0,0
3,8,1,2
3,8,0,2
3,8,2,2
3,8,1,1
3,8,2,2
3,8,0,0
3,8,2,0
3,8,0,0
3,8,0,1
3,8,0,1
3,8,2,2
3,8,0,0
3,8,1,1
3,8,2,2
3,8,0,0
3,8,2,2
3,8,0,2
3,8,0,2
3,8,1,1
3,8,2,2
3,8,2,2
3,8,1,2
3,8,2,0
3,8,1,2
3,8,2,2
3,8,0,0
3,8,0,1
3,8,1,2
3,8,2,2
3,8,1,1
3,8,2,2
3,8,2,2
3,8,1,1
3,8,2,2
3,8,0,2
3,8,2,2
3,8,1,2
3,8,2,2
3,8,1,2
3,8,2,2
3,8,2,2
3,8,0,1
3,8,0,0
3,8,0,2
3,8,1,2
3,8,0,2
3,8,1,1
3,8,1,1
3,8,0,0
3,8,0,2
3,8,2,2
3,8,2,2
3,8,1,1
3,8,2,2
3,8,1,1
3,8,1,1
3,8,1,1
3,8,1,1
3,8,0,1
3,8,1,1
3,8,0,2
3,8,0,1
3,8,1,2
3,8,1,2
3,8,1,2
3,8,1,2
3,8,1,1
3,8,2,2
3,8,2,2
3,8,1,2
3,8,2,2
3,8,1,1
3,8,1,1
3,8,2,2
3,8,1,2
3,8,0,1
3,8,2,2
3,8,0,0
3,8,0,1
3,8,1,2
3,8,1,2
3,8,1,1
3,8,0,1
3,8,2,2
3,8,2,2
3,8,1,2
3,8,1,1
3,8,1,2
3,8,0,2
3,8,0,0
3,8,2,2
3,8,2,2
3,8,1,1
3,8,1,2
3,8,2,2
3,8,1,2
3,8,0,1
3,8,1,1
3,8,0,1
3,8,1,2
3,8,2,2
3,8,2,2
3,8,2,2
3,8,0,2
3,8,1,2
3,8,0,2
3,8,1,2
3,8,1,2
3,8,1,1
3,8,2,2
3,8,1,0
3,8,1,2
3,8,2,2
3,8,0,1
3,8,2,0
3,8,0,1
3,8,2,0
3,8,1,2
3,8,2,2
3,8,0,0
3,8,2,1
3,8,1,2
3,8,2,2
3,8,0,0
3,8,2,2
3,8,0,0
3,8,0,1
3,8,0,1
3,8,0,0
3,8,0,1
3,8,0,1
3,8,0,0
3,8,1,2
3,8,0,2
3,8,2,2
3,8,1,1
3,8,1,2
3,8,2,2
3,8,2,2
3,8,1,2
3,8,2,2
3,8,2,2
3,8,2,0
3,8,0,0
3,8,0,2
3,8,1,2
3,8,1,1
3,8,0,1
3,8,1,1
3,8,1,1
3,8,1,2
3,8,2,2
3,8,2,2
3,8,2,0
3,8,0,0
3,8,1,2
3,8,0,2
3,8,2,2
3,8,2,2
3,8,2,2
3,8,2,2
3,8,2,2
3,8,2,2
3,8,1,0
3,8,0,1
3,8,1,1
3,8,1,1
3,8,2,2
3,8,1,2
3,8,1,2
3,8,1,1
3,8,0,0
3,8,0,1
3,8,1,1
3,8,2,2
3,8,1,0
3,8,1,2
3,8,1,1
3,8,1,1
3,8,1,2
3,8,2,2
3,8,1,1
3,8,0,1
3,8,1,1
3,8,1,2
3,8,0,2
3,8,1,2
3,8,2,2
3,8,1,1
3,8,0,0
3,8,0,1
3,8,0,2
3,8,1,2
3,8,1,1
3,8,0,1
3,8,2,0
3,8,0,0
3,8,1,2
3,8,0,0
3,8,1,1
3,8,2,2
3,8,0,0
3,8,0,2
3,8,0,2
3,8,1,2
3,8,2,2
3,8,0,0
3,8,0,1
3,8,2,2
3,8,1,1
3,8,1,2
3,8,0,0
3,8,1,1
3,8,1,2
3,8,0,1
3,8,0,2
3,8,1,1
3,8,2,2
3,8,2,2
3,8,2,2
3,8,0,1
3,8,2,2
3,8,1,1
3,8,1,1
3,8,1,2
3,8,0,1
3,8,0,0
3,8,0,1
3,8,1,1
3,8,0,2
3,8,2,1
3,8,1,2
3,8,2,2
3,8,0,1
3,8,1,2
3,8,1,2
3,8,2,2
3,8,1,1
3,8,0,1
3,8,0,0
3,8,2,2
3,8,2,2
3,8,0,0
3,8,2,2
3,8,1,1
3,8,0,1
3,8,0,1
3,8,2,2
3,8,2,2
3,8,1,2
3,8,0,2
3,8,1,2
3,8,2,2
3,8,2,2
3,8,0,0
3,8,0,0
3,8,1,1
3,8,2,2
3,8,2,2
3,8,2,2
3,8,0,1
3,8,0,1
3,8,0,1
3,8,1,1
3,8,2,2
3,8,2,2
3,8,2,2
3,8,0,2
3,8,1,2
3,8,1,1
3,8,0,1
3,8,2,2
3,8,1,2
3,8,2,2
3,8,1,1
3,8,2,2
3,8,2,2
3,8,2,2
3,8,2,0
3,8,0,2
3,8,1,1
3,8,2,0
3,8,0,2
3,8,2,1
3,8,2,2
3,8,1,1
3,8,0,1
3,8,2,2
3,8,1,1
3,8,2,2
3,8,2,2
3,8,1,1
3,8,1,2
3,8,2,2
3,8,2,2
3,8,1,1
3,8,2,2
3,8,2,2
3,8,2,2
3,8,0,2
3,8,2,2
3,8,1,1
3,8,1,2
3,8,1,2
3,8,1,1
3,8,1,1
3,8,2,2
3,8,1,1
3,8,2,2
3,8,1,1
3,8,0,2
3,8,0,1
3,8,1,1
3,8,0,1
3,8,1,1
3,8,0,1
3,8,2,2
3,8,2,2
3,8,0,1
3,8,1,2
3,8,2,2
3,8,1,2
3,8,1,1
3,8,2,0
3,8,1,0
3,8,2,0
3,8,1,2
3,8,0,0
3,8,1,1
3,8,0,2
3,8,1,2
3,8,0,0
3,8,2,2
3,8,1,1
3,8,2,2
3,8,1,1
3,8,0,0
3,8,1,1
3,8,2,2
3,8,2,1
3,8,0,1
3,8,1,2
3,8,2,2
3,8,2,2
3,8,0,0
3,8,2,2
3,8,2,2
3,8,2,2
3,8,0,0
3,8,1,1
3,8,2,2
3,8,2,2
3,8,0,1
3,8,2,2
3,8,1,2
3,8,2,2
3,8,0,2
3,8,0,2
3,8,2,2
3,8,1,2
3,8,1,1
3,8,1,1
3,8,2,2
3,8,1,2
3,8,0,2
3,8,0,1
3,8,0,0
3,8,2,2
3,8,1,2
3,8,2,2
3,8,0,2
3,8,2,2
3,8,1,1
3,8,1,2
3,8,2,0
3,8,1,2
3,8,2,2
3,8,2,2
3,8,0,0
3,8,1,2
3,8,1,2
3,8,2,2
3,8,1,1
3,8,1,1
3,8,2,2
3,8,1,2
3,8,1,1
3,8,0,0
3,8,2,2
3,8,1,2
3,8,1,1
3,8,1,1
3,8,2,2
3,8,0,2
3,8,0,2
3,8,0,0
3,8,0,0
3,8,0,1
3,8,0,0
3,8,0,1
3,8,1,2
3,8,0,1
3,8,1,2
3,8,1,2
3,8,1,2
3,8,1,1
3,8,1,2
3,8,2,2
3,8,2,2
3,8,2,2
3,8,1,1
3,8,1,1
3,8,0,1
3,8,0,2
3,8,1,2
3,8,2,2
3,8,0,1
3,8,1,2
3,8,2,2
3,8,1,2
3,8,2,2
3,8,0,2
3,8,2,2
3,8,2,2
3,8,2,2
3,8,0,0
3,8,1,1
3,8,2,2
3,8,2,1
3,8,2,2
3,8,1,1
3,8,2,2
3,8,0,0
3,8,1,2
3,8,1,1
3,8,0,0
3,8,2,2
3,8,2,2
3,8,2,1
3,8,2,2
3,8,2,2
3,8,2,2
3,8,1,2
3,8,0,1
3,8,0,2
3,8,1,1
3,8,0,2
3,8,1,2
3,8,2,2
3,8,0,0
3,8,2,2
3,8,2,2
3,8,1,0
3,8,0,2
3,8,1,1
3,8,1,2
3,8,2,2
3,8,0,1
3,8,0,1
3,8,0,0
3,8,0,0
3,8,2,2
3,8,1,2
3,8,2,2
3,8,1,2
3,8,2,2
3,8,1,1
3,8,2,2
3,8,1,1
3,8,2,2
3,8,0,2
3,8,1,2
3,8,1,1
3,8,0,2
3,8,2,2
3,8,2,1
3,8,1,2
3,8,0,2
3,8,2,2
3,8,1,2
3,8,0,2
3,8,1,1
3,8,2,2
3,8,1,1
3,8,1,1
3,8,2,2
3,8,0,1
3,8,0,1
3,8,1,2
3,8,0,1
3,8,0,2
3,8,2,1
3,8,2,2
3,8,0,0
3,8,0,1
3,8,1,2
3,8,0,2
3,8,1,1
3,8,0,2
3,8,1,1
3,8,2,2
3,8,0,1
3,8,2,2
3,8,2,2
3,8,1,1
3,8,1,1
3,8,2,2
3,8,0,2
3,8,1,1
3,8,2,2
3,8,0,1
3,8,1,2
3,8,0,1
3,8,1,2
3,8,2,1
3,8,1,0
3,8,1,2
3,8,2,2
3,8,1,2
3,8,1,2
3,8,1,2
3,8,1,2
3,8,2,2
3,8,1,1
3,8,0,0
3,8,2,2
3,8,2,2
3,8,0,2
3,8,0,0
3,8,2,2
3,8,1,1
3,8,1,1
3,8,2,2
3,8,0,1
3,8,2,2
3,8,2,2
3,8,1,2
3,8,2,2
3,8,2,2
3,8,0,0
3,8,2,2
3,8,2,2
3,8,2,2
3,8,1,2
3,8,1,1
3,8,2,2
3,8,1,1
3,8,2,2
3,8,0,1
3,8,2,2
3,8,1,1
3,8,0,1
3,8,1,2
3,8,0,1
3,8,1,2
3,8,0,1
3,8,1,2
3,8,0,0
3,8,2,2
3,8,2,2
3,8,2,2
3,8,1,1
3,8,1,1
3,8,2,2
3,8,0,1
3,8,0,1
3,8,1,2
3,8,1,2
3,8,1,1
3,8,2,2
3,8,1,2
3,8,1,2
3,8,2,2
3,8,0,1
3,8,1,1
3,8,1,2
3,8,1,2
3,8,2,2
3,8,2,2
3,8,1,2
3,8,0,0
3,8,2,2
3,8,0,0
3,8,0,2
3,8,0,0
3,8,2,2
3,8,2,2
3,8,0,1
3,8,0,2
3,8,1,2
3,8,2,0
3,8,0,2
3,8,1,1
3,8,1,2
3,8,1,1
3,8,2,2
3,8,2,1
3,8,1,2
3,8,0,2
3,8,0,0
3,8,0,2
3,8,1,2
3,8,1,2
3,8,1,1
3,8,1,1
3,8,2,2
3,8,1,1
3,8,0,2
3,8,2,2
3,8,0,2
3,8,1,2
3,8,0,2
3,8,1,1
3,8,2,2
3,8,1,1
3,8,2,2
3,8,1,2
3,8,1,2
3,8,0,2
3,8,2,2
3,8,2,2
3,8,1,0
3,8,2,2
3,8,1,2
3,8,0,1
3,8,2,2
3,8,1,2
3,8,1,1
3,8,0,0
3,8,0,1
3,8,1,0
3,8,2,2
3,8,1,2
3,8,2,2
3,8,0,2
3,8,1,1
3,8,2,2
3,8,0,0
3,8,2,1
3,8,0,2
3,8,0,0
3,8,2,2
3,8,1,2
3,8,2,2
3,8,1,2
3,8,2,2
3,8,0,1
3,8,1,2
3,8,2,2
3,8,1,2
3,8,1,2
3,8,0,0
3,8,2,2
3,8,1,1
3,8,0,1
3,8,1,1
3,8,0,2
3,8,1,1
3,8,0,1
3,8,1,2
3,8,2,2
3,8,0,2
3,8,0,1
3,8,0,1
3,8,0,0
3,8,2,2
3,8,1,1
3,8,0,1
3,8,2,2
3,8,0,1
3,8,1,2
3,8,2,2
3,8,2,2
3,8,2,2
3,8,0,1
3,8,2,2
3,8,1,2
3,8,0,2
3,8,1,2
3,8,1,1
3,8,0,1
3,8,2,2
3,8,2,2
3,8,2,2
3,8,1,2
3,8,0,0
3,8,2,2
3,8,2,2
3,8,2,2
3,8,1,2
3,8,2,2
3,8,0,0
3,8,2,2
3,8,1,2
3,8,0,1
3,8,0,1
3,8,2,2
3,8,1,2
3,8,1,1
3,8,1,2
3,8,2,0
3,8,1,2
3,8,0,0
3,8,2,1
3,8,2,2
3,8,1,1
3,8,1,2
3,8,1,2
3,8,2,0
3,8,2,2
3,8,0,0
3,8,2,2
3,8,1,1
3,8,1,0
3,8,2,2
3,8,2,2
3,8,2,2
3,8,2,1
3,8,1,1
3,8,2,2
3,8,0,0
3,8,1,1
3,8,0,1
3,8,2,1
3,8,0,2
3,8,2,2
3,8,1,1
3,8,0,1
3,8,0,2
3,8,1,1
3,8,1,1
3,8,1,1
3,8,2,2
3,8,0,0
3,8,2,2
3,8,1,2
3,8,2,2
3,8,1,1
3,8,1,1
3,8,0,1
3,8,2,1
3,8,1,1
3,8,2,2
3,8,1,1
3,8,1,1
3,8,0,0
3,8,1,2
3,8,1,1
3,8,1,2
3,8,1,1
3,8,1,2
3,8,2,0
3,8,0,0
3,8,2,2
3,8,1,1
3,8,1,1
3,8,0,0
3,8,2,2
3,8,0,0
3,8,0,1
3,8,2,2
3,8,1,2
3,8,2,2
3,8,2,2
3,8,2,2
3,8,1,1
3,8,0,2
3,8,0,2
3,8,0,2
3,8,2,2
3,8,2,2
3,8,1,1
3,8,2,2
3,8,1,2
3,8,2,2
3,8,2,2
3,8,2,2
3,8,1,2
3,8,1,2
3,8,0,1
3,8,2,2
3,8,1,1
3,8,2,2
3,8,0,1
3,8,0,0
3,8,1,2
3,8,1,1
3,8,2,2
3,8,0,1
3,8,0,2
3,8,1,1
execution,core,y,ypred
4,8,0,1
4,8,1,1
4,8,1,1
4,8,1,2
4,8,2,2
4,8,2,2
4,8,2,2
4,8,0,2
4,8,2,2
4,8,0,0
4,8,1,2
4,8,2,2
4,8,1,1
4,8,1,1
4,8,1,2
4,8,2,2
4,8,2,2
4,8,2,2
4,8,2,2
4,8,0,0
4,8,2,2
4,8,0,2
4,8,2,2
4,8,2,1
4,8,2,2
4,8,0,0
4,8,2,2
4,8,1,1
4,8,1,1
4,8,2,2
4,8,0,1
4,8,2,2
4,8,0,1
4,8,0,0
4,8,0,2
4,8,1,1
4,8,2,2
4,8,0,1
4,8,1,2
4,8,2,2
4,8,0,1
4,8,1,1
4,8,0,1
4,8,2,2
4,8,2,2
4,8,2,2
4,8,0,2
4,8,0,0
4,8,2,2
4,8,1,2
4,8,2,2
4,8,1,2
4,8,2,2
4,8,1,2
4,8,1,1
4,8,2,2
4,8,2,2
4,8,2,2
4,8,0,1
4,8,2,2
4,8,2,2
4,8,1,1
4,8,2,0
4,8,0,2
4,8,1,2
4,8,1,1
4,8,2,2
4,8,2,0
4,8,1,1
4,8,1,1
4,8,1,1
4,8,2,2
4,8,1,1
4,8,0,1
4,8,0,0
4,8,2,0
4,8,2,2
4,8,2,2
4,8,1,2
4,8,1,2
4,8,1,1
4,8,2,2
4,8,2,2
4,8,1,2
4,8,2,2
4,8,1,1
4,8,1,2
4,8,1,2
4,8,0,2
4,8,2,2
4,8,2,2
4,8,2,2
4,8,2,2
4,8,2,2
4,8,2,2
4,8,1,2
4,8,1,0
4,8,2,2
4,8,2,2
4,8,0,2
4,8,0,2
4,8,1,2
4,8,1,1
4,8,1,2
4,8,2,2
4,8,2,2
4,8,2,2
4,8,0,2
4,8,0,1
4,8,2,2
4,8,2,2
4,8,1,2
4,8,1,1
4,8,0,0
4,8,2,1
4,8,2,2
4,8,0,1
4,8,1,1
4,8,0,0
4,8,2,2
4,8,0,1
4,8,2,2
4,8,0,2
4,8,0,0
4,8,2,2
4,8,1,1
4,8,2,2
4,8,1,1
4,8,1,1
4,8,0,1
4,8,0,0
4,8,2,0
4,8,0,0
4,8,2,2
4,8,1,1
4,8,1,2
4,8,1,1
4,8,1,1
4,8,1,1
4,8,1,1
4,8,2,2
4,8,1,2
4,8,0,2
4,8,1,1
4,8,0,2
4,8,0,2
4,8,0,0
4,8,2,2
4,8,1,2
4,8,0,2
4,8,1,1
4,8,2,2
4,8,1,1
4,8,2,2
4,8,1,2
4,8,1,1
4,8,0,2
4,8,1,1
4,8,1,2
4,8,0,1
4,8,2,2
4,8,2,2
4,8,2,2
4,8,2,2
4,8,1,0
4,8,0,2
4,8,1,1
4,8,1,0
4,8,0,0
4,8,1,1
4,8,1,1
4,8,1,2
4,8,1,2
4,8,1,1
4,8,2,2
4,8,2,2
4,8,1,2
4,8,2,2
4,8,1,1
4,8,1,2
4,8,1,2
4,8,2,2
4,8,0,0
4,8,1,1
4,8,0,0
4,8,2,2
4,8,0,0
4,8,0,1
4,8,0,2
4,8,2,2
4,8,0,2
4,8,1,0
4,8,2,2
4,8,2,2
4,8,1,2
4,8,2,2
4,8,1,1
4,8,2,2
4,8,1,2
4,8,2,2
4,8,1,1
4,8,0,2
4,8,2,2
4,8,1,2
4,8,0,0
4,8,2,2
4,8,2,2
4,8,2,2
4,8,0,2
4,8,1,2
4,8,2,2
4,8,2,2
4,8,2,2
4,8,1,2
4,8,1,2
4,8,2,2
4,8,1,1
4,8,2,2
4,8,2,2
4,8,2,2
4,8,2,2
4,8,0,0
4,8,2,2
4,8,0,0
4,8,1,1
4,8,2,2
4,8,0,2
4,8,1,1
4,8,2,2
4,8,0,0
4,8,1,1
4,8,0,2
4,8,1,2
4,8,1,2
4,8,1,1
4,8,2,2
4,8,2,2
4,8,2,2
4,8,0,2
4,8,1,1
4,8,2,2
4,8,2,2
4,8,0,2
4,8,1,2
4,8,2,2
4,8,1,2
4,8,0,0
4,8,1,2
4,8,0,2
4,8,2,2
4,8,1,1
4,8,2,2
4,8,0,0
4,8,2,2
4,8,0,0
4,8,0,1
4,8,0,0
4,8,2,2
4,8,0,0
4,8,1,1
4,8,2,2
4,8,0,2
4,8,2,2
4,8,0,0
4,8,0,2
4,8,1,1
4,8,2,2
4,8,2,2
4,8,1,2
4,8,2,2
4,8,1,2
4,8,2,2
4,8,0,2
4,8,0,1
4,8,1,2
4,8,2,2
4,8,1,1
4,8,2,2
4,8,2,2
4,8,1,0
4,8,2,2
4,8,0,2
4,8,2,2
4,8,1,2
4,8,2,2
4,8,1,2
4,8,2,2
4,8,2,2
4,8,0,1
4,8,0,0
4,8,0,2
4,8,1,2
4,8,0,2
4,8,1,1
4,8,1,1
4,8,0,0
4,8,0,2
4,8,2,2
4,8,2,2
4,8,1,0
4,8,2,2
4,8,1,1
4,8,1,1
4,8,1,1
4,8,1,1
4,8,0,0
4,8,1,1
4,8,0,2
4,8,0,1
4,8,1,2
4,8,1,2
4,8,1,2
4,8,1,1
4,8,1,1
4,8,2,2
4,8,2,2
4,8,1,2
4,8,2,2
4,8,1,1
4,8,1,1
4,8,2,2
4,8,1,2
4,8,0,1
4,8,2,2
4,8,0,0
4,8,0,0
4,8,1,1
4,8,1,2
4,8,1,1
4,8,0,1
4,8,2,2
4,8,2,2
4,8,1,2
4,8,1,1
4,8,1,2
4,8,0,2
4,8,0,2
4,8,2,2
4,8,2,2
4,8,1,1
4,8,1,2
4,8,2,2
4,8,1,2
4,8,0,1
4,8,1,1
4,8,0,1
4,8,1,2
4,8,2,2
4,8,2,2
4,8,2,2
4,8,0,2
4,8,1,2
4,8,0,2
4,8,1,2
4,8,1,2
4,8,1,1
4,8,2,2
4,8,1,0
4,8,1,2
4,8,2,2
4,8,0,0
4,8,2,2
4,8,0,1
4,8,2,2
4,8,1,2
4,8,2,2
4,8,0,0
4,8,2,2
4,8,1,2
4,8,2,2
4,8,0,0
4,8,2,2
4,8,0,0
4,8,0,1
4,8,0,1
4,8,0,0
4,8,0,1
4,8,0,1
4,8,0,0
4,8,1,2
4,8,0,2
4,8,2,2
4,8,1,1
4,8,1,2
4,8,2,2
4,8,2,2
4,8,1,2
4,8,2,2
4,8,2,2
4,8,2,0
4,8,0,0
4,8,0,2
4,8,1,2
4,8,1,1
4,8,0,2
4,8,1,1
4,8,1,1
4,8,1,2
4,8,2,2
4,8,2,2
4,8,2,0
4,8,0,0
4,8,1,2
4,8,0,2
4,8,2,2
4,8,2,2
4,8,2,2
4,8,2,2
4,8,2,2
4,8,2,2
4,8,1,0
4,8,0,1
4,8,1,1
4,8,1,1
4,8,2,2
4,8,1,2
4,8,1,2
4,8,1,0
4,8,0,0
4,8,0,1
4,8,1,1
4,8,2,2
4,8,1,0
4,8,1,2
4,8,1,1
4,8,1,2
4,8,1,2
4,8,2,2
4,8,1,1
4,8,0,2
4,8,1,2
4,8,1,2
4,8,0,2
4,8,1,2
4,8,2,2
4,8,1,1
4,8,0,0
4,8,0,2
4,8,0,2
4,8,1,2
4,8,1,2
4,8,0,2
4,8,2,0
4,8,0,0
4,8,1,2
4,8,0,0
4,8,1,1
4,8,2,2
4,8,0,0
4,8,0,2
4,8,0,2
4,8,1,2
4,8,2,2
4,8,0,0
4,8,0,1
4,8,2,2
4,8,1,1
4,8,1,2
4,8,0,0
4,8,1,1
4,8,1,1
4,8,0,0
4,8,0,2
4,8,1,1
4,8,2,2
4,8,2,2
4,8,2,2
4,8,0,1
4,8,2,2
4,8,1,1
4,8,1,2
4,8,1,1
4,8,0,1
4,8,0,0
4,8,0,1
4,8,1,1
4,8,0,2
4,8,2,2
4,8,1,2
4,8,2,2
4,8,0,1
4,8,1,2
4,8,1,2
4,8,2,2
4,8,1,1
4,8,0,0
4,8,0,0
4,8,2,2
4,8,2,2
4,8,0,0
4,8,2,2
4,8,1,1
4,8,0,1
4,8,0,1
4,8,2,2
4,8,2,2
4,8,1,2
4,8,0,0
4,8,1,1
4,8,2,2
4,8,2,2
4,8,0,0
4,8,0,0
4,8,1,1
4,8,2,2
4,8,2,2
4,8,2,2
4,8,0,1
4,8,0,1
4,8,0,1
4,8,1,1
4,8,2,2
4,8,2,2
4,8,2,2
4,8,0,2
4,8,1,2
4,8,1,1
4,8,0,1
4,8,2,2
4,8,1,2
4,8,2,2
4,8,1,2
4,8,2,2
4,8,2,2
4,8,2,2
4,8,2,0
4,8,0,2
4,8,1,1
4,8,2,2
4,8,0,2
4,8,2,1
4,8,2,2
4,8,1,2
4,8,0,2
4,8,2,2
4,8,1,1
4,8,2,2
4,8,2,2
4,8,1,1
4,8,1,2
4,8,2,2
4,8,2,2
4,8,1,0
4,8,2,2
4,8,2,2
4,8,2,2
4,8,0,2
4,8,2,2
4,8,1,1
4,8,1,2
4,8,1,2
4,8,1,1
4,8,1,1
4,8,2,2
4,8,1,1
4,8,2,2
4,8,1,1
4,8,0,2
4,8,0,1
4,8,1,1
4,8,0,1
4,8,1,1
4,8,0,0
4,8,2,2
4,8,2,2
4,8,0,1
4,8,1,1
4,8,2,2
4,8,1,1
4,8,1,2
4,8,2,0
4,8,1,0
4,8,2,0
4,8,1,2
4,8,0,0
4,8,1,1
4,8,0,2
4,8,1,2
4,8,0,0
4,8,2,2
4,8,1,1
4,8,2,2
4,8,1,1
4,8,0,0
4,8,1,2
4,8,2,2
4,8,2,1
4,8,0,1
4,8,1,2
4,8,2,2
4,8,2,2
4,8,0,2
4,8,2,2
4,8,2,2
4,8,2,2
4,8,0,2
4,8,1,1
4,8,2,2
4,8,2,2
4,8,0,0
4,8,2,2
4,8,1,2
4,8,2,2
4,8,0,2
4,8,0,2
4,8,2,2
4,8,1,2
4,8,1,1
4,8,1,1
4,8,2,2
4,8,1,2
4,8,0,2
4,8,0,1
4,8,0,0
4,8,2,2
4,8,1,1
4,8,2,2
4,8,0,1
4,8,2,2
4,8,1,1
4,8,1,2
4,8,2,0
4,8,1,2
4,8,2,2
4,8,2,2
4,8,0,0
4,8,1,2
4,8,1,2
4,8,2,2
4,8,1,1
4,8,1,1
4,8,2,2
4,8,1,1
4,8,1,1
4,8,0,0
4,8,2,2
4,8,1,2
4,8,1,1
4,8,1,1
4,8,2,2
4,8,0,2
4,8,0,2
4,8,0,0
4,8,0,0
4,8,0,1
4,8,0,0
4,8,0,1
4,8,1,2
4,8,0,1
4,8,1,2
4,8,1,2
4,8,1,2
4,8,1,2
4,8,1,2
4,8,2,2
4,8,2,2
4,8,2,2
4,8,1,1
4,8,1,1
4,8,0,1
4,8,0,2
4,8,1,2
4,8,2,2
4,8,0,1
4,8,1,2
4,8,2,2
4,8,1,2
4,8,2,2
4,8,0,2
4,8,2,2
4,8,2,2
4,8,2,2
4,8,0,0
4,8,1,1
4,8,2,2
4,8,2,1
4,8,2,2
4,8,1,1
4,8,2,2
4,8,0,0
4,8,1,2
4,8,1,2
4,8,0,0
4,8,2,2
4,8,2,2
4,8,2,2
4,8,2,2
4,8,2,2
4,8,2,2
4,8,1,2
4,8,0,1
4,8,0,2
4,8,1,1
4,8,0,2
4,8,1,2
4,8,2,2
4,8,0,0
4,8,2,2
4,8,2,2
4,8,1,0
4,8,0,2
4,8,1,1
4,8,1,2
4,8,2,2
4,8,0,1
4,8,0,1
4,8,0,0
4,8,0,0
4,8,2,2
4,8,1,2
4,8,2,2
4,8,1,2
4,8,2,2
4,8,1,1
4,8,2,2
4,8,1,1
4,8,2,2
4,8,0,2
4,8,1,2
4,8,1,1
4,8,0,2
4,8,2,2
4,8,2,1
4,8,1,2
4,8,0,2
4,8,2,2
4,8,1,2
4,8,0,2
4,8,1,1
4,8,2,2
4,8,1,2
4,8,1,1
4,8,2,2
4,8,0,1
4,8,0,1
4,8,1,2
4,8,0,1
4,8,0,2
4,8,2,2
4,8,2,2
4,8,0,0
4,8,0,1
4,8,1,1
4,8,0,2
4,8,1,2
4,8,0,2
4,8,1,1
4,8,2,2
4,8,0,1
4,8,2,2
4,8,2,2
4,8,1,1
4,8,1,1
4,8,2,2
4,8,0,2
4,8,1,0
4,8,2,2
4,8,0,0
4,8,1,2
4,8,0,1
4,8,1,2
4,8,2,1
4,8,1,1
4,8,1,2
4,8,2,2
4,8,1,2
4,8,1,2
4,8,1,2
4,8,1,1
4,8,2,2
4,8,1,1
4,8,0,0
4,8,2,2
4,8,2,2
4,8,0,2
4,8,0,0
4,8,2,2
4,8,1,2
4,8,1,2
4,8,2,2
4,8,0,1
4,8,2,2
4,8,2,2
4,8,1,2
4,8,2,2
4,8,2,2
4,8,0,0
4,8,2,2
4,8,2,2
4,8,2,2
4,8,1,2
4,8,1,1
4,8,2,2
4,8,1,1
4,8,2,2
4,8,0,0
4,8,2,2
4,8,1,1
4,8,0,2
4,8,1,2
4,8,0,1
4,8,1,2
4,8,0,1
4,8,1,2
4,8,0,0
4,8,2,2
4,8,2,2
4,8,2,2
4,8,1,1
4,8,1,2
4,8,2,2
4,8,0,0
4,8,0,1
4,8,1,2
4,8,1,2
4,8,1,1
4,8,2,2
4,8,1,2
4,8,1,2
4,8,2,2
4,8,0,1
4,8,1,1
4,8,1,2
4,8,1,2
4,8,2,2
4,8,2,2
4,8,1,2
4,8,0,2
4,8,2,2
4,8,0,0
4,8,0,2
4,8,0,0
4,8,2,2
4,8,2,2
4,8,0,1
4,8,0,2
4,8,1,2
4,8,2,0
4,8,0,2
4,8,1,0
4,8,1,2
4,8,1,0
4,8,2,2
4,8,2,1
4,8,1,2
4,8,0,2
4,8,0,0
4,8,0,2
4,8,1,2
4,8,1,2
4,8,1,1
4,8,1,1
4,8,2,2
4,8,1,1
4,8,0,2
4,8,2,2
4,8,0,2
4,8,1,2
4,8,0,2
4,8,1,1
4,8,2,2
4,8,1,1
4,8,2,2
4,8,1,2
4,8,1,2
4,8,0,2
4,8,2,2
4,8,2,2
4,8,1,2
4,8,2,2
4,8,1,2
4,8,0,0
4,8,2,2
4,8,1,2
4,8,1,1
4,8,0,0
4,8,0,2
4,8,1,2
4,8,2,2
4,8,1,2
4,8,2,2
4,8,0,2
4,8,1,1
4,8,2,2
4,8,0,0
4,8,2,0
4,8,0,2
4,8,0,0
4,8,2,2
4,8,1,2
4,8,2,2
4,8,1,2
4,8,2,2
4,8,0,1
4,8,1,2
4,8,2,2
4,8,1,1
4,8,1,2
4,8,0,0
4,8,2,2
4,8,1,1
4,8,0,1
4,8,1,1
4,8,0,2
4,8,1,1
4,8,0,1
4,8,1,2
4,8,2,2
4,8,0,2
4,8,0,1
4,8,0,0
4,8,0,2
4,8,2,2
4,8,1,1
4,8,0,1
4,8,2,2
4,8,0,1
4,8,1,2
4,8,2,2
4,8,2,2
4,8,2,2
4,8,0,0
4,8,2,2
4,8,1,2
4,8,0,2
4,8,1,2
4,8,1,1
4,8,0,1
4,8,2,2
4,8,2,2
4,8,2,2
4,8,1,2
4,8,0,0
4,8,2,2
4,8,2,2
4,8,2,2
4,8,1,2
4,8,2,2
4,8,0,0
4,8,2,2
4,8,1,2
4,8,0,1
4,8,0,1
4,8,2,2
4,8,1,2
4,8,1,1
4,8,1,2
4,8,2,0
4,8,1,2
4,8,0,0
4,8,2,1
4,8,2,2
4,8,1,1
4,8,1,2
4,8,1,2
4,8,2,0
4,8,2,2
4,8,0,0
4,8,2,2
4,8,1,1
4,8,1,0
4,8,2,2
4,8,2,2
4,8,2,2
4,8,2,0
4,8,1,1
4,8,2,2
4,8,0,0
4,8,1,1
4,8,0,1
4,8,2,1
4,8,0,2
4,8,2,2
4,8,1,2
4,8,0,1
4,8,0,2
4,8,1,1
4,8,1,2
4,8,1,1
4,8,2,2
4,8,0,0
4,8,2,2
4,8,1,2
4,8,2,2
4,8,1,1
4,8,1,1
4,8,0,1
4,8,2,1
4,8,1,0
4,8,2,2
4,8,1,1
4,8,1,1
4,8,0,0
4,8,1,2
4,8,1,1
4,8,1,2
4,8,1,2
4,8,1,2
4,8,2,0
4,8,0,2
4,8,2,2
4,8,1,1
4,8,1,1
4,8,0,0
4,8,2,2
4,8,0,0
4,8,0,0
4,8,2,2
4,8,1,2
4,8,2,2
4,8,2,2
4,8,2,2
4,8,1,1
4,8,0,2
4,8,0,2
4,8,0,2
4,8,2,2
4,8,2,2
4,8,1,1
4,8,2,2
4,8,1,2
4,8,2,2
4,8,2,2
4,8,2,2
4,8,1,2
4,8,1,2
4,8,0,2
4,8,2,2
4,8,1,1
4,8,2,2
4,8,0,0
4,8,0,0
4,8,1,2
4,8,1,1
4,8,2,2
4,8,0,1
4,8,0,2
4,8,1,1
execution,core,y,ypred
5,8,0,1
5,8,1,1
5,8,1,1
5,8,1,1
5,8,2,2
5,8,2,2
5,8,2,0
5,8,0,2
5,8,2,2
5,8,0,0
5,8,1,2
5,8,2,1
5,8,1,2
5,8,1,1
5,8,1,1
5,8,2,2
5,8,2,2
5,8,2,2
5,8,2,2
5,8,0,0
5,8,2,2
5,8,0,2
5,8,2,2
5,8,2,0
5,8,2,0
5,8,0,0
5,8,2,2
5,8,1,0
5,8,1,1
5,8,2,2
5,8,0,0
5,8,2,2
5,8,0,1
5,8,0,0
5,8,0,2
5,8,1,2
5,8,2,2
5,8,0,0
5,8,1,2
5,8,2,2
5,8,0,1
5,8,1,1
5,8,0,1
5,8,2,2
5,8,2,2
5,8,2,2
5,8,0,2
5,8,0,2
5,8,2,2
5,8,1,2
5,8,2,2
5,8,1,2
5,8,2,2
5,8,1,2
5,8,1,1
5,8,2,2
5,8,2,2
5,8,2,2
5,8,0,2
5,8,2,2
5,8,2,2
5,8,1,1
5,8,2,0
5,8,0,0
5,8,1,2
5,8,1,1
5,8,2,2
5,8,2,0
5,8,1,2
5,8,1,1
5,8,1,1
5,8,2,2
5,8,1,2
5,8,0,1
5,8,0,2
5,8,2,2
5,8,2,2
5,8,2,2
5,8,1,2
5,8,1,2
5,8,1,1
5,8,2,0
5,8,2,2
5,8,1,2
5,8,2,2
5,8,1,1
5,8,1,2
5,8,1,2
5,8,0,2
5,8,2,2
5,8,2,2
5,8,2,2
5,8,2,2
5,8,2,2
5,8,2,2
5,8,1,2
5,8,1,1
5,8,2,2
5,8,2,2
5,8,0,1
5,8,0,2
5,8,1,2
5,8,1,1
5,8,1,2
5,8,2,2
5,8,2,2
5,8,2,2
5,8,0,2
5,8,0,2
5,8,2,2
5,8,2,2
5,8,1,2
5,8,1,2
5,8,0,0
5,8,2,2
5,8,2,2
5,8,0,0
5,8,1,1
5,8,0,0
5,8,2,2
5,8,0,1
5,8,2,2
5,8,0,2
5,8,0,0
5,8,2,2
5,8,1,1
5,8,2,2
5,8,1,1
5,8,1,1
5,8,0,1
5,8,0,2
5,8,2,0
5,8,0,0
5,8,2,2
5,8,1,2
5,8,1,2
5,8,1,0
5,8,1,1
5,8,1,1
5,8,1,1
5,8,2,2
5,8,1,2
5,8,0,2
5,8,1,1
5,8,0,2
5,8,0,2
5,8,0,0
5,8,2,2
5,8,1,2
5,8,0,2
5,8,1,1
5,8,2,2
5,8,1,1
5,8,2,2
5,8,1,2
5,8,1,0
5,8,0,2
5,8,1,0
5,8,1,2
5,8,0,1
5,8,2,2
5,8,2,2
5,8,2,2
5,8,2,2
5,8,1,0
5,8,0,2
5,8,1,0
5,8,1,0
5,8,0,0
5,8,1,1
5,8,1,1
5,8,1,2
5,8,1,2
5,8,1,0
5,8,2,2
5,8,2,2
5,8,1,2
5,8,2,2
5,8,1,1
5,8,1,2
5,8,1,0
5,8,2,2
5,8,0,0
5,8,1,1
5,8,0,0
5,8,2,0
5,8,0,0
5,8,0,1
5,8,0,2
5,8,2,2
5,8,0,2
5,8,1,2
5,8,2,2
5,8,2,2
5,8,1,2
5,8,2,2
5,8,1,0
5,8,2,2
5,8,1,2
5,8,2,2
5,8,1,0
5,8,0,2
5,8,2,2
5,8,1,2
5,8,0,0
5,8,2,2
5,8,2,2
5,8,2,2
5,8,0,2
5,8,1,2
5,8,2,2
5,8,2,2
5,8,2,2
5,8,1,2
5,8,1,2
5,8,2,2
5,8,1,1
5,8,2,2
5,8,2,2
5,8,2,2
5,8,2,2
5,8,0,0
5,8,2,2
5,8,0,0
5,8,1,2
5,8,2,2
5,8,0,2
5,8,1,2
5,8,2,2
5,8,0,0
5,8,1,0
5,8,0,2
5,8,1,2
5,8,1,1
5,8,1,1
5,8,2,2
5,8,2,2
5,8,2,2
5,8,0,2
5,8,1,1
5,8,2,2
5,8,2,2
5,8,0,2
5,8,1,1
5,8,2,2
5,8,1,2
5,8,0,0
5,8,1,1
5,8,0,2
5,8,2,2
5,8,1,1
5,8,2,2
5,8,0,2
5,8,2,0
5,8,0,0
5,8,0,1
5,8,0,0
5,8,2,2
5,8,0,0
5,8,1,0
5,8,2,2
5,8,0,0
5,8,2,2
5,8,0,2
5,8,0,2
5,8,1,0
5,8,2,2
5,8,2,2
5,8,1,2
5,8,2,2
5,8,1,2
5,8,2,2
5,8,0,0
5,8,0,2
5,8,1,2
5,8,2,0
5,8,1,1
5,8,2,2
5,8,2,2
5,8,1,0
5,8,2,2
5,8,0,0
5,8,2,2
5,8,1,2
5,8,2,2
5,8,1,2
5,8,2,2
5,8,2,2
5,8,0,2
5,8,0,0
5,8,0,2
5,8,1,2
5,8,0,2
5,8,1,1
5,8,1,1
5,8,0,0
5,8,0,2
5,8,2,2
5,8,2,2
5,8,1,0
5,8,2,2
5,8,1,1
5,8,1,1
5,8,1,1
5,8,1,1
5,8,0,0
5,8,1,2
5,8,0,2
5,8,0,0
5,8,1,2
5,8,1,2
5,8,1,2
5,8,1,1
5,8,1,2
5,8,2,2
5,8,2,2
5,8,1,2
5,8,2,2
5,8,1,1
5,8,1,1
5,8,2,2
5,8,1,2
5,8,0,1
5,8,2,2
5,8,0,0
5,8,0,0
5,8,1,2
5,8,1,2
5,8,1,1
5,8,0,1
5,8,2,2
5,8,2,2
5,8,1,1
5,8,1,1
5,8,1,2
5,8,0,2
5,8,0,2
5,8,2,2
5,8,2,2
5,8,1,2
5,8,1,2
5,8,2,2
5,8,1,2
5,8,0,1
5,8,1,1
5,8,0,0
5,8,1,2
5,8,2,2
5,8,2,2
5,8,2,2
5,8,0,2
5,8,1,2
5,8,0,2
5,8,1,2
5,8,1,2
5,8,1,1
5,8,2,2
5,8,1,0
5,8,1,2
5,8,2,2
5,8,0,0
5,8,2,0
5,8,0,1
5,8,2,2
5,8,1,2
5,8,2,2
5,8,0,0
5,8,2,0
5,8,1,2
5,8,2,2
5,8,0,0
5,8,2,2
5,8,0,2
5,8,0,1
5,8,0,1
5,8,0,0
5,8,0,1
5,8,0,1
5,8,0,0
5,8,1,2
5,8,0,2
5,8,2,2
5,8,1,1
5,8,1,2
5,8,2,2
5,8,2,2
5,8,1,2
5,8,2,2
5,8,2,2
5,8,2,0
5,8,0,0
5,8,0,2
5,8,1,2
5,8,1,1
5,8,0,2
5,8,1,2
5,8,1,2
5,8,1,2
5,8,2,2
5,8,2,2
5,8,2,0
5,8,0,0
5,8,1,2
5,8,0,2
5,8,2,0
5,8,2,2
5,8,2,2
5,8,2,2
5,8,2,2
5,8,2,2
5,8,1,0
5,8,0,1
5,8,1,1
5,8,1,1
5,8,2,2
5,8,1,2
5,8,1,0
5,8,1,0
5,8,0,0
5,8,0,1
5,8,1,0
5,8,2,2
5,8,1,0
5,8,1,2
5,8,1,1
5,8,1,2
5,8,1,0
5,8,2,2
5,8,1,1
5,8,0,0
5,8,1,0
5,8,1,2
5,8,0,2
5,8,1,2
5,8,2,2
5,8,1,0
5,8,0,2
5,8,0,2
5,8,0,2
5,8,1,2
5,8,1,0
5,8,0,2
5,8,2,2
5,8,0,0
5,8,1,2
5,8,0,0
5,8,1,2
5,8,2,2
5,8,0,0
5,8,0,2
5,8,0,2
5,8,1,2
5,8,2,2
5,8,0,0
5,8,0,1
5,8,2,2
5,8,1,1
5,8,1,1
5,8,0,0
5,8,1,1
5,8,1,1
5,8,0,0
5,8,0,2
5,8,1,1
5,8,2,2
5,8,2,2
5,8,2,2
5,8,0,1
5,8,2,2
5,8,1,2
5,8,1,1
5,8,1,1
5,8,0,1
5,8,0,0
5,8,0,1
5,8,1,1
5,8,0,2
5,8,2,1
5,8,1,2
5,8,2,2
5,8,0,1
5,8,1,2
5,8,1,1
5,8,2,2
5,8,1,1
5,8,0,0
5,8,0,2
5,8,2,2
5,8,2,2
5,8,0,0
5,8,2,0
5,8,1,1
5,8,0,1
5,8,0,2
5,8,2,2
5,8,2,2
5,8,1,2
5,8,0,0
5,8,1,2
5,8,2,2
5,8,2,2
5,8,0,0
5,8,0,0
5,8,1,1
5,8,2,2
5,8,2,2
5,8,2,2
5,8,0,0
5,8,0,1
5,8,0,1
5,8,1,1
5,8,2,2
5,8,2,2
5,8,2,2
5,8,0,2
5,8,1,2
5,8,1,1
5,8,0,1
5,8,2,2
5,8,1,2
5,8,2,2
5,8,1,2
5,8,2,2
5,8,2,2
5,8,2,2
5,8,2,0
5,8,0,0
5,8,1,2
5,8,2,2
5,8,0,2
5,8,2,1
5,8,2,2
5,8,1,2
5,8,0,2
5,8,2,2
5,8,1,2
5,8,2,2
5,8,2,2
5,8,1,2
5,8,1,1
5,8,2,2
5,8,2,2
5,8,1,0
5,8,2,2
5,8,2,2
5,8,2,2
5,8,0,2
5,8,2,2
5,8,1,1
5,8,1,2
5,8,1,2
5,8,1,1
5,8,1,1
5,8,2,2
5,8,1,1
5,8,2,2
5,8,1,1
5,8,0,2
5,8,0,2
5,8,1,0
5,8,0,1
5,8,1,1
5,8,0,0
5,8,2,2
5,8,2,2
5,8,0,1
5,8,1,2
5,8,2,2
5,8,1,2
5,8,1,0
5,8,2,0
5,8,1,2
5,8,2,0
5,8,1,2
5,8,0,2
5,8,1,1
5,8,0,2
5,8,1,2
5,8,0,0
5,8,2,2
5,8,1,1
5,8,2,2
5,8,1,1
5,8,0,0
5,8,1,1
5,8,2,2
5,8,2,2
5,8,0,0
5,8,1,0
5,8,2,2
5,8,2,2
5,8,0,2
5,8,2,2
5,8,2,2
5,8,2,2
5,8,0,2
5,8,1,1
5,8,2,2
5,8,2,2
5,8,0,0
5,8,2,0
5,8,1,2
5,8,2,2
5,8,0,2
5,8,0,2
5,8,2,2
5,8,1,2
5,8,1,0
5,8,1,1
5,8,2,2
5,8,1,0
5,8,0,2
5,8,0,0
5,8,0,0
5,8,2,2
5,8,1,2
5,8,2,2
5,8,0,2
5,8,2,2
5,8,1,2
5,8,1,2
5,8,2,0
5,8,1,2
5,8,2,2
5,8,2,2
5,8,0,0
5,8,1,2
5,8,1,2
5,8,2,2
5,8,1,2
5,8,1,1
5,8,2,2
5,8,1,2
5,8,1,1
5,8,0,0
5,8,2,2
5,8,1,2
5,8,1,1
5,8,1,1
5,8,2,2
5,8,0,2
5,8,0,2
5,8,0,0
5,8,0,0
5,8,0,0
5,8,0,0
5,8,0,1
5,8,1,2
5,8,0,1
5,8,1,2
5,8,1,2
5,8,1,0
5,8,1,2
5,8,1,1
5,8,2,2
5,8,2,0
5,8,2,2
5,8,1,1
5,8,1,0
5,8,0,2
5,8,0,2
5,8,1,2
5,8,2,2
5,8,0,1
5,8,1,2
5,8,2,2
5,8,1,2
5,8,2,2
5,8,0,2
5,8,2,2
5,8,2,2
5,8,2,2
5,8,0,0
5,8,1,1
5,8,2,2
5,8,2,0
5,8,2,2
5,8,1,1
5,8,2,2
5,8,0,0
5,8,1,2
5,8,1,0
5,8,0,0
5,8,2,2
5,8,2,2
5,8,2,0
5,8,2,2
5,8,2,2
5,8,2,2
5,8,1,0
5,8,0,0
5,8,0,2
5,8,1,0
5,8,0,2
5,8,1,2
5,8,2,2
5,8,0,0
5,8,2,2
5,8,2,2
5,8,1,2
5,8,0,2
5,8,1,0
5,8,1,2
5,8,2,1
5,8,0,1
5,8,0,1
5,8,0,0
5,8,0,0
5,8,2,2
5,8,1,0
5,8,2,2
5,8,1,2
5,8,2,2
5,8,1,0
5,8,2,2
5,8,1,2
5,8,2,2
5,8,0,2
5,8,1,2
5,8,1,1
5,8,0,2
5,8,2,2
5,8,2,1
5,8,1,2
5,8,0,2
5,8,2,2
5,8,1,2
5,8,0,2
5,8,1,1
5,8,2,2
5,8,1,1
5,8,1,0
5,8,2,2
5,8,0,2
5,8,0,0
5,8,1,2
5,8,0,1
5,8,0,2
5,8,2,0
5,8,2,2
5,8,0,0
5,8,0,1
5,8,1,2
5,8,0,2
5,8,1,1
5,8,0,2
5,8,1,1
5,8,2,2
5,8,0,2
5,8,2,2
5,8,2,2
5,8,1,1
5,8,1,0
5,8,2,0
5,8,0,2
5,8,1,0
5,8,2,2
5,8,0,0
5,8,1,2
5,8,0,1
5,8,1,2
5,8,2,1
5,8,1,0
5,8,1,2
5,8,2,2
5,8,1,2
5,8,1,2
5,8,1,2
5,8,1,1
5,8,2,0
5,8,1,2
5,8,0,2
5,8,2,2
5,8,2,2
5,8,0,2
5,8,0,2
5,8,2,2
5,8,1,1
5,8,1,1
5,8,2,2
5,8,0,0
5,8,2,2
5,8,2,2
5,8,1,2
5,8,2,2
5,8,2,2
5,8,0,0
5,8,2,2
5,8,2,0
5,8,2,2
5,8,1,2
5,8,1,1
5,8,2,2
5,8,1,2
5,8,2,2
5,8,0,0
5,8,2,2
5,8,1,1
5,8,0,0
5,8,1,0
5,8,0,0
5,8,1,2
5,8,0,1
5,8,1,2
5,8,0,2
5,8,2,2
5,8,2,2
5,8,2,2
5,8,1,2
5,8,1,1
5,8,2,2
5,8,0,0
5,8,0,1
5,8,1,2
5,8,1,2
5,8,1,1
5,8,2,0
5,8,1,2
5,8,1,2
5,8,2,2
5,8,0,2
5,8,1,1
5,8,1,2
5,8,1,2
5,8,2,2
5,8,2,2
5,8,1,2
5,8,0,2
5,8,2,2
5,8,0,0
5,8,0,2
5,8,0,0
5,8,2,2
5,8,2,2
5,8,0,1
5,8,0,2
5,8,1,2
5,8,2,0
5,8,0,2
5,8,1,0
5,8,1,2
5,8,1,0
5,8,2,2
5,8,2,1
5,8,1,2
5,8,0,2
5,8,0,0
5,8,0,0
5,8,1,2
5,8,1,2
5,8,1,2
5,8,1,1
5,8,2,2
5,8,1,2
5,8,0,2
5,8,2,0
5,8,0,2
5,8,1,2
5,8,0,2
5,8,1,2
5,8,2,1
5,8,1,0
5,8,2,2
5,8,1,2
5,8,1,2
5,8,0,2
5,8,2,2
5,8,2,2
5,8,1,2
5,8,2,2
5,8,1,2
5,8,0,0
5,8,2,2
5,8,1,2
5,8,1,1
5,8,0,0
5,8,0,1
5,8,1,2
5,8,2,2
5,8,1,2
5,8,2,2
5,8,0,2
5,8,1,1
5,8,2,2
5,8,0,2
5,8,2,2
5,8,0,0
5,8,0,0
5,8,2,2
5,8,1,2
5,8,2,2
5,8,1,2
5,8,2,2
5,8,0,1
5,8,1,2
5,8,2,2
5,8,1,0
5,8,1,2
5,8,0,0
5,8,2,2
5,8,1,0
5,8,0,1
5,8,1,0
5,8,0,2
5,8,1,1
5,8,0,1
5,8,1,2
5,8,2,0
5,8,0,2
5,8,0,1
5,8,0,0
5,8,0,2
5,8,2,2
5,8,1,0
5,8,0,1
5,8,2,2
5,8,0,0
5,8,1,2
5,8,2,2
5,8,2,2
5,8,2,2
5,8,0,2
5,8,2,2
5,8,1,2
5,8,0,2
5,8,1,2
5,8,1,2
5,8,0,1
5,8,2,0
5,8,2,2
5,8,2,2
5,8,1,2
5,8,0,0
5,8,2,2
5,8,2,2
5,8,2,2
5,8,1,2
5,8,2,2
5,8,0,0
5,8,2,2
5,8,1,2
5,8,0,2
5,8,0,1
5,8,2,2
5,8,1,2
5,8,1,1
5,8,1,2
5,8,2,0
5,8,1,2
5,8,0,0
5,8,2,2
5,8,2,2
5,8,1,1
5,8,1,2
5,8,1,1
5,8,2,0
5,8,2,2
5,8,0,0
5,8,2,2
5,8,1,1
5,8,1,0
5,8,2,2
5,8,2,2
5,8,2,2
5,8,2,2
5,8,1,2
5,8,2,2
5,8,0,0
5,8,1,2
5,8,0,1
5,8,2,1
5,8,0,2
5,8,2,2
5,8,1,2
5,8,0,1
5,8,0,2
5,8,1,1
5,8,1,2
5,8,1,1
5,8,2,2
5,8,0,0
5,8,2,2
5,8,1,2
5,8,2,2
5,8,1,1
5,8,1,0
5,8,0,0
5,8,2,2
5,8,1,0
5,8,2,2
5,8,1,2
5,8,1,1
5,8,0,2
5,8,1,2
5,8,1,1
5,8,1,2
5,8,1,1
5,8,1,2
5,8,2,0
5,8,0,0
5,8,2,2
5,8,1,1
5,8,1,1
5,8,0,0
5,8,2,2
5,8,0,0
5,8,0,0
5,8,2,2
5,8,1,2
5,8,2,2
5,8,2,2
5,8,2,2
5,8,1,1
5,8,0,2
5,8,0,2
5,8,0,2
5,8,2,2
5,8,2,2
5,8,1,1
5,8,2,2
5,8,1,2
5,8,2,2
5,8,2,2
5,8,2,2
5,8,1,2
5,8,1,1
5,8,0,2
5,8,2,2
5,8,1,1
5,8,2,2
5,8,0,1
5,8,0,0
5,8,1,2
5,8,1,1
5,8,2,2
5,8,0,1
5,8,0,2
5,8,1,1
execution,core,y,ypred
6,8,0,1
6,8,1,1
6,8,1,0
6,8,1,1
6,8,2,2
6,8,2,2
6,8,2,0
6,8,0,2
6,8,2,2
6,8,0,0
6,8,1,1
6,8,2,0
6,8,1,0
6,8,1,0
6,8,1,0
6,8,2,2
6,8,2,2
6,8,2,2
6,8,2,0
6,8,0,0
6,8,2,1
6,8,0,0
6,8,2,2
6,8,2,0
6,8,2,0
6,8,0,0
6,8,2,0
6,8,1,0
6,8,1,1
6,8,2,2
6,8,0,0
6,8,2,0
6,8,0,0
6,8,0,0
6,8,0,0
6,8,1,1
6,8,2,2
6,8,0,0
6,8,1,0
6,8,2,2
6,8,0,0
6,8,1,1
6,8,0,0
6,8,2,2
6,8,2,2
6,8,2,2
6,8,0,2
6,8,0,0
6,8,2,2
6,8,1,0
6,8,2,2
6,8,1,1
6,8,2,2
6,8,1,1
6,8,1,1
6,8,2,2
6,8,2,2
6,8,2,2
6,8,0,0
6,8,2,2
6,8,2,2
6,8,1,0
6,8,2,0
6,8,0,0
6,8,1,2
6,8,1,1
6,8,2,0
6,8,2,0
6,8,1,0
6,8,1,0
6,8,1,0
6,8,2,2
6,8,1,0
6,8,0,1
6,8,0,0
6,8,2,0
6,8,2,2
6,8,2,2
6,8,1,0
6,8,1,1
6,8,1,0
6,8,2,0
6,8,2,2
6,8,1,1
6,8,2,2
6,8,1,0
6,8,1,2
6,8,1,2
6,8,0,1
6,8,2,2
6,8,2,0
6,8,2,2
6,8,2,0
6,8,2,0
6,8,2,2
6,8,1,0
6,8,1,0
6,8,2,2
6,8,2,2
6,8,0,1
6,8,0,2
6,8,1,2
6,8,1,1
6,8,1,2
6,8,2,2
6,8,2,2
6,8,2,2
6,8,0,0
6,8,0,1
6,8,2,2
6,8,2,1
6,8,1,1
6,8,1,0
6,8,0,0
6,8,2,1
6,8,2,2
6,8,0,0
6,8,1,1
6,8,0,0
6,8,2,2
6,8,0,0
6,8,2,2
6,8,0,2
6,8,0,0
6,8,2,2
6,8,1,1
6,8,2,0
6,8,1,0
6,8,1,1
6,8,0,0
6,8,0,0
6,8,2,0
6,8,0,0
6,8,2,2
6,8,1,1
6,8,1,0
6,8,1,0
6,8,1,1
6,8,1,1
6,8,1,1
6,8,2,2
6,8,1,0
6,8,0,2
6,8,1,1
6,8,0,0
6,8,0,0
6,8,0,0
6,8,2,0
6,8,1,1
6,8,0,0
6,8,1,1
6,8,2,0
6,8,1,1
6,8,2,2
6,8,1,0
6,8,1,0
6,8,0,1
6,8,1,0
6,8,1,2
6,8,0,1
6,8,2,0
6,8,2,0
6,8,2,2
6,8,2,2
6,8,1,0
6,8,0,2
6,8,1,0
6,8,1,0
6,8,0,0
6,8,1,0
6,8,1,0
6,8,1,0
6,8,1,2
6,8,1,0
6,8,2,2
6,8,2,0
6,8,1,0
6,8,2,2
6,8,1,1
6,8,1,0
6,8,1,0
6,8,2,1
6,8,0,0
6,8,1,1
6,8,0,0
6,8,2,0
6,8,0,0
6,8,0,0
6,8,0,2
6,8,2,2
6,8,0,2
6,8,1,0
6,8,2,2
6,8,2,2
6,8,1,2
6,8,2,2
6,8,1,0
6,8,2,2
6,8,1,2
6,8,2,2
6,8,1,0
6,8,0,0
6,8,2,2
6,8,1,0
6,8,0,0
6,8,2,2
6,8,2,0
6,8,2,0
6,8,0,0
6,8,1,0
6,8,2,2
6,8,2,2
6,8,2,0
6,8,1,0
6,8,1,1
6,8,2,0
6,8,1,1
6,8,2,2
6,8,2,2
6,8,2,2
6,8,2,1
6,8,0,0
6,8,2,2
6,8,0,0
6,8,1,0
6,8,2,0
6,8,0,1
6,8,1,0
6,8,2,0
6,8,0,0
6,8,1,0
6,8,0,2
6,8,1,1
6,8,1,1
6,8,1,0
6,8,2,1
6,8,2,2
6,8,2,2
6,8,0,2
6,8,1,0
6,8,2,2
6,8,2,2
6,8,0,0
6,8,1,1
6,8,2,2
6,8,1,0
6,8,0,0
6,8,1,1
6,8,0,0
6,8,2,2
6,8,1,0
6,8,2,2
6,8,0,0
6,8,2,0
6,8,0,0
6,8,0,0
6,8,0,0
6,8,2,0
6,8,0,0
6,8,1,0
6,8,2,0
6,8,0,0
6,8,2,1
6,8,0,2
6,8,0,2
6,8,1,0
6,8,2,0
6,8,2,0
6,8,1,0
6,8,2,0
6,8,1,1
6,8,2,0
6,8,0,0
6,8,0,1
6,8,1,1
6,8,2,0
6,8,1,0
6,8,2,2
6,8,2,2
6,8,1,0
6,8,2,2
6,8,0,0
6,8,2,2
6,8,1,2
6,8,2,2
6,8,1,2
6,8,2,2
6,8,2,2
6,8,0,1
6,8,0,0
6,8,0,2
6,8,1,1
6,8,0,0
6,8,1,1
6,8,1,0
6,8,0,0
6,8,0,2
6,8,2,0
6,8,2,2
6,8,1,0
6,8,2,2
6,8,1,0
6,8,1,0
6,8,1,1
6,8,1,0
6,8,0,0
6,8,1,0
6,8,0,2
6,8,0,0
6,8,1,2
6,8,1,2
6,8,1,1
6,8,1,0
6,8,1,0
6,8,2,2
6,8,2,2
6,8,1,2
6,8,2,0
6,8,1,0
6,8,1,1
6,8,2,2
6,8,1,0
6,8,0,1
6,8,2,2
6,8,0,0
6,8,0,0
6,8,1,1
6,8,1,1
6,8,1,1
6,8,0,0
6,8,2,2
6,8,2,0
6,8,1,0
6,8,1,1
6,8,1,0
6,8,0,0
6,8,0,0
6,8,2,0
6,8,2,0
6,8,1,1
6,8,1,2
6,8,2,2
6,8,1,1
6,8,0,0
6,8,1,1
6,8,0,0
6,8,1,1
6,8,2,2
6,8,2,2
6,8,2,2
6,8,0,2
6,8,1,1
6,8,0,0
6,8,1,1
6,8,1,0
6,8,1,1
6,8,2,2
6,8,1,0
6,8,1,1
6,8,2,0
6,8,0,0
6,8,2,0
6,8,0,1
6,8,2,0
6,8,1,0
6,8,2,0
6,8,0,0
6,8,2,0
6,8,1,0
6,8,2,0
6,8,0,0
6,8,2,0
6,8,0,0
6,8,0,1
6,8,0,0
6,8,0,0
6,8,0,0
6,8,0,0
6,8,0,0
6,8,1,1
6,8,0,0
6,8,2,2
6,8,1,0
6,8,1,1
6,8,2,2
6,8,2,2
6,8,1,1
6,8,2,2
6,8,2,2
6,8,2,0
6,8,0,0
6,8,0,2
6,8,1,1
6,8,1,1
6,8,0,1
6,8,1,1
6,8,1,0
6,8,1,0
6,8,2,0
6,8,2,2
6,8,2,0
6,8,0,0
6,8,1,1
6,8,0,2
6,8,2,0
6,8,2,2
6,8,2,2
6,8,2,2
6,8,2,1
6,8,2,2
6,8,1,0
6,8,0,0
6,8,1,1
6,8,1,1
6,8,2,2
6,8,1,2
6,8,1,0
6,8,1,0
6,8,0,0
6,8,0,0
6,8,1,0
6,8,2,2
6,8,1,0
6,8,1,2
6,8,1,1
6,8,1,1
6,8,1,0
6,8,2,2
6,8,1,0
6,8,0,0
6,8,1,1
6,8,1,1
6,8,0,2
6,8,1,0
6,8,2,2
6,8,1,0
6,8,0,0
6,8,0,1
6,8,0,0
6,8,1,2
6,8,1,0
6,8,0,1
6,8,2,0
6,8,0,0
6,8,1,2
6,8,0,0
6,8,1,1
6,8,2,2
6,8,0,0
6,8,0,1
6,8,0,2
6,8,1,0
6,8,2,2
6,8,0,0
6,8,0,0
6,8,2,2
6,8,1,0
6,8,1,1
6,8,0,0
6,8,1,0
6,8,1,1
6,8,0,0
6,8,0,0
6,8,1,0
6,8,2,0
6,8,2,2
6,8,2,0
6,8,0,0
6,8,2,2
6,8,1,1
6,8,1,1
6,8,1,1
6,8,0,0
6,8,0,0
6,8,0,0
6,8,1,0
6,8,0,2
6,8,2,0
6,8,1,0
6,8,2,2
6,8,0,0
6,8,1,1
6,8,1,1
6,8,2,2
6,8,1,0
6,8,0,0
6,8,0,0
6,8,2,0
6,8,2,0
6,8,0,0
6,8,2,0
6,8,1,0
6,8,0,1
6,8,0,0
6,8,2,0
6,8,2,0
6,8,1,1
6,8,0,0
6,8,1,0
6,8,2,2
6,8,2,0
6,8,0,0
6,8,0,0
6,8,1,0
6,8,2,2
6,8,2,2
6,8,2,2
6,8,0,0
6,8,0,0
6,8,0,0
6,8,1,0
6,8,2,0
6,8,2,2
6,8,2,0
6,8,0,0
6,8,1,2
6,8,1,0
6,8,0,0
6,8,2,2
6,8,1,0
6,8,2,2
6,8,1,1
6,8,2,0
6,8,2,2
6,8,2,2
6,8,2,0
6,8,0,0
6,8,1,0
6,8,2,0
6,8,0,2
6,8,2,0
6,8,2,2
6,8,1,1
6,8,0,0
6,8,2,1
6,8,1,1
6,8,2,2
6,8,2,2
6,8,1,0
6,8,1,1
6,8,2,0
6,8,2,2
6,8,1,0
6,8,2,2
6,8,2,0
6,8,2,2
6,8,0,2
6,8,2,2
6,8,1,0
6,8,1,2
6,8,1,1
6,8,1,0
6,8,1,0
6,8,2,2
6,8,1,1
6,8,2,2
6,8,1,0
6,8,0,0
6,8,0,1
6,8,1,0
6,8,0,0
6,8,1,1
6,8,0,0
6,8,2,2
6,8,2,2
6,8,0,0
6,8,1,1
6,8,2,2
6,8,1,1
6,8,1,0
6,8,2,0
6,8,1,0
6,8,2,0
6,8,1,2
6,8,0,0
6,8,1,1
6,8,0,2
6,8,1,2
6,8,0,0
6,8,2,2
6,8,1,1
6,8,2,2
6,8,1,0
6,8,0,0
6,8,1,1
6,8,2,0
6,8,2,0
6,8,0,0
6,8,1,0
6,8,2,2
6,8,2,0
6,8,0,2
6,8,2,2
6,8,2,2
6,8,2,2
6,8,0,0
6,8,1,0
6,8,2,2
6,8,2,2
6,8,0,0
6,8,2,0
6,8,1,1
6,8,2,2
6,8,0,2
6,8,0,2
6,8,2,2
6,8,1,2
6,8,1,0
6,8,1,1
6,8,2,0
6,8,1,0
6,8,0,0
6,8,0,0
6,8,0,0
6,8,2,0
6,8,1,1
6,8,2,0
6,8,0,0
6,8,2,2
6,8,1,0
6,8,1,0
6,8,2,0
6,8,1,2
6,8,2,2
6,8,2,2
6,8,0,0
6,8,1,0
6,8,1,2
6,8,2,2
6,8,1,1
6,8,1,1
6,8,2,2
6,8,1,0
6,8,1,1
6,8,0,0
6,8,2,2
6,8,1,2
6,8,1,0
6,8,1,1
6,8,2,2
6,8,0,2
6,8,0,2
6,8,0,0
6,8,0,0
6,8,0,0
6,8,0,0
6,8,0,1
6,8,1,0
6,8,0,0
6,8,1,0
6,8,1,0
6,8,1,0
6,8,1,1
6,8,1,1
6,8,2,2
6,8,2,0
6,8,2,2
6,8,1,1
6,8,1,0
6,8,0,0
6,8,0,2
6,8,1,1
6,8,2,0
6,8,0,1
6,8,1,2
6,8,2,2
6,8,1,2
6,8,2,2
6,8,0,1
6,8,2,0
6,8,2,2
6,8,2,2
6,8,0,0
6,8,1,1
6,8,2,2
6,8,2,0
6,8,2,0
6,8,1,1
6,8,2,2
6,8,0,0
6,8,1,0
6,8,1,0
6,8,0,0
6,8,2,0
6,8,2,2
6,8,2,0
6,8,2,2
6,8,2,2
6,8,2,2
6,8,1,0
6,8,0,0
6,8,0,2
6,8,1,0
6,8,0,2
6,8,1,0
6,8,2,2
6,8,0,0
6,8,2,2
6,8,2,0
6,8,1,0
6,8,0,0
6,8,1,0
6,8,1,0
6,8,2,0
6,8,0,0
6,8,0,1
6,8,0,0
6,8,0,0
6,8,2,2
6,8,1,0
6,8,2,0
6,8,1,2
6,8,2,0
6,8,1,0
6,8,2,2
6,8,1,0
6,8,2,2
6,8,0,0
6,8,1,2
6,8,1,0
6,8,0,0
6,8,2,0
6,8,2,0
6,8,1,2
6,8,0,0
6,8,2,0
6,8,1,1
6,8,0,1
6,8,1,1
6,8,2,2
6,8,1,0
6,8,1,0
6,8,2,2
6,8,0,0
6,8,0,0
6,8,1,0
6,8,0,0
6,8,0,0
6,8,2,0
6,8,2,2
6,8,0,0
6,8,0,1
6,8,1,0
6,8,0,1
6,8,1,1
6,8,0,2
6,8,1,0
6,8,2,2
6,8,0,0
6,8,2,1
6,8,2,2
6,8,1,1
6,8,1,0
6,8,2,0
6,8,0,0
6,8,1,0
6,8,2,0
6,8,0,0
6,8,1,1
6,8,0,1
6,8,1,1
6,8,2,1
6,8,1,0
6,8,1,1
6,8,2,0
6,8,1,1
6,8,1,2
6,8,1,2
6,8,1,1
6,8,2,0
6,8,1,1
6,8,0,0
6,8,2,2
6,8,2,2
6,8,0,2
6,8,0,0
6,8,2,2
6,8,1,1
6,8,1,0
6,8,2,2
6,8,0,0
6,8,2,2
6,8,2,2
6,8,1,2
6,8,2,2
6,8,2,0
6,8,0,0
6,8,2,0
6,8,2,0
6,8,2,2
6,8,1,2
6,8,1,1
6,8,2,2
6,8,1,1
6,8,2,2
6,8,0,0
6,8,2,2
6,8,1,1
6,8,0,0
6,8,1,0
6,8,0,0
6,8,1,0
6,8,0,1
6,8,1,2
6,8,0,0
6,8,2,2
6,8,2,2
6,8,2,2
6,8,1,0
6,8,1,0
6,8,2,0
6,8,0,0
6,8,0,1
6,8,1,2
6,8,1,0
6,8,1,1
6,8,2,0
6,8,1,0
6,8,1,1
6,8,2,2
6,8,0,1
6,8,1,1
6,8,1,0
6,8,1,0
6,8,2,2
6,8,2,2
6,8,1,0
6,8,0,0
6,8,2,2
6,8,0,0
6,8,0,0
6,8,0,0
6,8,2,2
6,8,2,2
6,8,0,0
6,8,0,0
6,8,1,2
6,8,2,0
6,8,0,2
6,8,1,0
6,8,1,0
6,8,1,0
6,8,2,2
6,8,2,1
6,8,1,2
6,8,0,2
6,8,0,0
6,8,0,0
6,8,1,0
6,8,1,2
6,8,1,1
6,8,1,1
6,8,2,0
6,8,1,0
6,8,0,2
6,8,2,0
6,8,0,0
6,8,1,1
6,8,0,0
6,8,1,0
6,8,2,0
6,8,1,0
6,8,2,2
6,8,1,2
6,8,1,2
6,8,0,2
6,8,2,2
6,8,2,2
6,8,1,0
6,8,2,2
6,8,1,0
6,8,0,0
6,8,2,2
6,8,1,1
6,8,1,1
6,8,0,0
6,8,0,1
6,8,1,0
6,8,2,2
6,8,1,2
6,8,2,2
6,8,0,0
6,8,1,1
6,8,2,2
6,8,0,0
6,8,2,0
6,8,0,0
6,8,0,0
6,8,2,2
6,8,1,1
6,8,2,2
6,8,1,2
6,8,2,1
6,8,0,0
6,8,1,2
6,8,2,2
6,8,1,0
6,8,1,1
6,8,0,0
6,8,2,0
6,8,1,0
6,8,0,0
6,8,1,0
6,8,0,2
6,8,1,1
6,8,0,0
6,8,1,0
6,8,2,0
6,8,0,2
6,8,0,1
6,8,0,0
6,8,0,0
6,8,2,2
6,8,1,0
6,8,0,1
6,8,2,2
6,8,0,0
6,8,1,2
6,8,2,1
6,8,2,2
6,8,2,0
6,8,0,0
6,8,2,2
6,8,1,2
6,8,0,2
6,8,1,1
6,8,1,1
6,8,0,0
6,8,2,0
6,8,2,2
6,8,2,0
6,8,1,0
6,8,0,0
6,8,2,2
6,8,2,2
6,8,2,2
6,8,1,2
6,8,2,2
6,8,0,0
6,8,2,2
6,8,1,2
6,8,0,0
6,8,0,0
6,8,2,2
6,8,1,2
6,8,1,0
6,8,1,0
6,8,2,0
6,8,1,1
6,8,0,0
6,8,2,0
6,8,2,2
6,8,1,0
6,8,1,0
6,8,1,0
6,8,2,0
6,8,2,2
6,8,0,0
6,8,2,2
6,8,1,0
6,8,1,0
6,8,2,2
6,8,2,2
6,8,2,2
6,8,2,0
6,8,1,1
6,8,2,2
6,8,0,0
6,8,1,1
6,8,0,1
6,8,2,1
6,8,0,2
6,8,2,2
6,8,1,0
6,8,0,1
6,8,0,2
6,8,1,0
6,8,1,0
6,8,1,0
6,8,2,2
6,8,0,0
6,8,2,2
6,8,1,0
6,8,2,2
6,8,1,1
6,8,1,0
6,8,0,0
6,8,2,0
6,8,1,0
6,8,2,0
6,8,1,0
6,8,1,0
6,8,0,0
6,8,1,0
6,8,1,1
6,8,1,0
6,8,1,0
6,8,1,1
6,8,2,0
6,8,0,0
6,8,2,2
6,8,1,1
6,8,1,1
6,8,0,0
6,8,2,2
6,8,0,0
6,8,0,0
6,8,2,2
6,8,1,1
6,8,2,2
6,8,2,0
6,8,2,2
6,8,1,0
6,8,0,2
6,8,0,2
6,8,0,2
6,8,2,2
6,8,2,2
6,8,1,1
6,8,2,0
6,8,1,2
6,8,2,2
6,8,2,2
6,8,2,2
6,8,1,0
6,8,1,0
6,8,0,0
6,8,2,0
6,8,1,1
6,8,2,0
6,8,0,0
6,8,0,0
6,8,1,2
6,8,1,1
6,8,2,0
6,8,0,1
6,8,0,0
6,8,1,0
execution,core,y,ypred
7,8,0,2
7,8,1,2
7,8,1,2
7,8,1,2
7,8,2,2
7,8,2,2
7,8,2,2
7,8,0,2
7,8,2,2
7,8,0,0
7,8,1,2
7,8,2,2
7,8,1,2
7,8,1,2
7,8,1,2
7,8,2,2
7,8,2,2
7,8,2,2
7,8,2,2
7,8,0,0
7,8,2,2
7,8,0,2
7,8,2,2
7,8,2,2
7,8,2,2
7,8,0,0
7,8,2,2
7,8,1,2
7,8,1,2
7,8,2,2
7,8,0,1
7,8,2,2
7,8,0,2
7,8,0,2
7,8,0,2
7,8,1,2
7,8,2,2
7,8,0,1
7,8,1,2
7,8,2,2
7,8,0,1
7,8,1,1
7,8,0,1
7,8,2,2
7,8,2,2
7,8,2,2
7,8,0,2
7,8,0,2
7,8,2,2
7,8,1,2
7,8,2,2
7,8,1,2
7,8,2,2
7,8,1,2
7,8,1,2
7,8,2,2
7,8,2,2
7,8,2,2
7,8,0,2
7,8,2,2
7,8,2,2
7,8,1,2
7,8,2,2
7,8,0,2
7,8,1,2
7,8,1,2
7,8,2,2
7,8,2,2
7,8,1,2
7,8,1,1
7,8,1,2
7,8,2,2
7,8,1,2
7,8,0,1
7,8,0,2
7,8,2,2
7,8,2,2
7,8,2,2
7,8,1,2
7,8,1,2
7,8,1,2
7,8,2,2
7,8,2,2
7,8,1,2
7,8,2,2
7,8,1,2
7,8,1,2
7,8,1,2
7,8,0,2
7,8,2,2
7,8,2,2
7,8,2,2
7,8,2,2
7,8,2,2
7,8,2,2
7,8,1,2
7,8,1,1
7,8,2,2
7,8,2,2
7,8,0,2
7,8,0,2
7,8,1,2
7,8,1,2
7,8,1,2
7,8,2,2
7,8,2,2
7,8,2,2
7,8,0,2
7,8,0,2
7,8,2,2
7,8,2,2
7,8,1,2
7,8,1,2
7,8,0,0
7,8,2,2
7,8,2,2
7,8,0,2
7,8,1,2
7,8,0,0
7,8,2,2
7,8,0,1
7,8,2,2
7,8,0,2
7,8,0,0
7,8,2,2
7,8,1,1
7,8,2,2
7,8,1,2
7,8,1,2
7,8,0,2
7,8,0,2
7,8,2,2
7,8,0,0
7,8,2,2
7,8,1,2
7,8,1,2
7,8,1,1
7,8,1,1
7,8,1,2
7,8,1,2
7,8,2,2
7,8,1,2
7,8,0,2
7,8,1,1
7,8,0,2
7,8,0,2
7,8,0,2
7,8,2,2
7,8,1,2
7,8,0,2
7,8,1,1
7,8,2,2
7,8,1,1
7,8,2,2
7,8,1,2
7,8,1,2
7,8,0,2
7,8,1,2
7,8,1,2
7,8,0,1
7,8,2,2
7,8,2,2
7,8,2,2
7,8,2,2
7,8,1,1
7,8,0,2
7,8,1,1
7,8,1,0
7,8,0,2
7,8,1,2
7,8,1,2
7,8,1,2
7,8,1,2
7,8,1,2
7,8,2,2
7,8,2,2
7,8,1,2
7,8,2,2
7,8,1,2
7,8,1,2
7,8,1,2
7,8,2,2
7,8,0,2
7,8,1,2
7,8,0,1
7,8,2,2
7,8,0,2
7,8,0,1
7,8,0,2
7,8,2,2
7,8,0,2
7,8,1,2
7,8,2,2
7,8,2,2
7,8,1,2
7,8,2,2
7,8,1,1
7,8,2,2
7,8,1,2
7,8,2,2
7,8,1,2
7,8,0,2
7,8,2,2
7,8,1,2
7,8,0,0
7,8,2,2
7,8,2,2
7,8,2,2
7,8,0,2
7,8,1,2
7,8,2,2
7,8,2,2
7,8,2,2
7,8,1,2
7,8,1,2
7,8,2,2
7,8,1,1
7,8,2,2
7,8,2,2
7,8,2,2
7,8,2,2
7,8,0,1
7,8,2,2
7,8,0,2
7,8,1,2
7,8,2,2
7,8,0,2
7,8,1,2
7,8,2,2
7,8,0,0
7,8,1,1
7,8,0,2
7,8,1,2
7,8,1,2
7,8,1,1
7,8,2,2
7,8,2,2
7,8,2,2
7,8,0,2
7,8,1,2
7,8,2,2
7,8,2,2
7,8,0,2
7,8,1,2
7,8,2,2
7,8,1,2
7,8,0,0
7,8,1,2
7,8,0,2
7,8,2,2
7,8,1,1
7,8,2,2
7,8,0,2
7,8,2,2
7,8,0,2
7,8,0,2
7,8,0,2
7,8,2,2
7,8,0,2
7,8,1,2
7,8,2,2
7,8,0,2
7,8,2,2
7,8,0,2
7,8,0,2
7,8,1,1
7,8,2,2
7,8,2,2
7,8,1,2
7,8,2,2
7,8,1,2
7,8,2,2
7,8,0,2
7,8,0,2
7,8,1,2
7,8,2,2
7,8,1,1
7,8,2,2
7,8,2,2
7,8,1,1
7,8,2,2
7,8,0,2
7,8,2,2
7,8,1,2
7,8,2,2
7,8,1,2
7,8,2,2
7,8,2,2
7,8,0,2
7,8,0,0
7,8,0,2
7,8,1,2
7,8,0,2
7,8,1,1
7,8,1,1
7,8,0,0
7,8,0,2
7,8,2,2
7,8,2,2
7,8,1,1
7,8,2,2
7,8,1,2
7,8,1,1
7,8,1,1
7,8,1,1
7,8,0,1
7,8,1,2
7,8,0,2
7,8,0,1
7,8,1,2
7,8,1,2
7,8,1,2
7,8,1,2
7,8,1,2
7,8,2,2
7,8,2,2
7,8,1,2
7,8,2,2
7,8,1,2
7,8,1,1
7,8,2,2
7,8,1,2
7,8,0,1
7,8,2,2
7,8,0,0
7,8,0,1
7,8,1,2
7,8,1,2
7,8,1,2
7,8,0,1
7,8,2,2
7,8,2,2
7,8,1,2
7,8,1,2
7,8,1,2
7,8,0,2
7,8,0,2
7,8,2,2
7,8,2,2
7,8,1,2
7,8,1,2
7,8,2,2
7,8,1,2
7,8,0,1
7,8,1,2
7,8,0,1
7,8,1,2
7,8,2,2
7,8,2,2
7,8,2,2
7,8,0,2
7,8,1,2
7,8,0,2
7,8,1,2
7,8,1,2
7,8,1,2
7,8,2,2
7,8,1,0
7,8,1,2
7,8,2,2
7,8,0,1
7,8,2,2
7,8,0,1
7,8,2,2
7,8,1,2
7,8,2,2
7,8,0,0
7,8,2,2
7,8,1,2
7,8,2,2
7,8,0,0
7,8,2,2
7,8,0,2
7,8,0,1
7,8,0,1
7,8,0,2
7,8,0,1
7,8,0,1
7,8,0,2
7,8,1,2
7,8,0,2
7,8,2,2
7,8,1,1
7,8,1,2
7,8,2,2
7,8,2,2
7,8,1,2
7,8,2,2
7,8,2,2
7,8,2,2
7,8,0,0
7,8,0,2
7,8,1,2
7,8,1,2
7,8,0,2
7,8,1,2
7,8,1,1
7,8,1,2
7,8,2,2
7,8,2,2
7,8,2,2
7,8,0,0
7,8,1,2
7,8,0,2
7,8,2,2
7,8,2,2
7,8,2,2
7,8,2,2
7,8,2,2
7,8,2,2
7,8,1,1
7,8,0,1
7,8,1,2
7,8,1,2
7,8,2,2
7,8,1,2
7,8,1,2
7,8,1,1
7,8,0,2
7,8,0,2
7,8,1,1
7,8,2,2
7,8,1,2
7,8,1,2
7,8,1,2
7,8,1,2
7,8,1,2
7,8,2,2
7,8,1,1
7,8,0,2
7,8,1,2
7,8,1,2
7,8,0,2
7,8,1,2
7,8,2,2
7,8,1,2
7,8,0,2
7,8,0,2
7,8,0,2
7,8,1,2
7,8,1,2
7,8,0,2
7,8,2,2
7,8,0,2
7,8,1,2
7,8,0,0
7,8,1,2
7,8,2,2
7,8,0,0
7,8,0,2
7,8,0,2
7,8,1,2
7,8,2,2
7,8,0,0
7,8,0,1
7,8,2,2
7,8,1,1
7,8,1,2
7,8,0,0
7,8,1,1
7,8,1,2
7,8,0,2
7,8,0,2
7,8,1,2
7,8,2,2
7,8,2,2
7,8,2,2
7,8,0,1
7,8,2,2
7,8,1,2
7,8,1,2
7,8,1,2
7,8,0,2
7,8,0,1
7,8,0,1
7,8,1,2
7,8,0,2
7,8,2,2
7,8,1,2
7,8,2,2
7,8,0,1
7,8,1,2
7,8,1,2
7,8,2,2
7,8,1,1
7,8,0,1
7,8,0,2
7,8,2,2
7,8,2,2
7,8,0,0
7,8,2,2
7,8,1,2
7,8,0,1
7,8,0,2
7,8,2,2
7,8,2,2
7,8,1,2
7,8,0,2
7,8,1,2
7,8,2,2
7,8,2,2
7,8,0,0
7,8,0,2
7,8,1,1
7,8,2,2
7,8,2,2
7,8,2,2
7,8,0,2
7,8,0,1
7,8,0,1
7,8,1,2
7,8,2,2
7,8,2,2
7,8,2,2
7,8,0,2
7,8,1,2
7,8,1,2
7,8,0,1
7,8,2,2
7,8,1,2
7,8,2,2
7,8,1,2
7,8,2,2
7,8,2,2
7,8,2,2
7,8,2,0
7,8,0,2
7,8,1,2
7,8,2,2
7,8,0,2
7,8,2,1
7,8,2,2
7,8,1,2
7,8,0,2
7,8,2,2
7,8,1,2
7,8,2,2
7,8,2,2
7,8,1,2
7,8,1,2
7,8,2,2
7,8,2,2
7,8,1,1
7,8,2,2
7,8,2,2
7,8,2,2
7,8,0,2
7,8,2,2
7,8,1,2
7,8,1,2
7,8,1,2
7,8,1,2
7,8,1,2
7,8,2,2
7,8,1,2
7,8,2,2
7,8,1,2
7,8,0,2
7,8,0,2
7,8,1,1
7,8,0,1
7,8,1,1
7,8,0,2
7,8,2,2
7,8,2,2
7,8,0,1
7,8,1,2
7,8,2,2
7,8,1,2
7,8,1,2
7,8,2,2
7,8,1,2
7,8,2,2
7,8,1,2
7,8,0,2
7,8,1,2
7,8,0,2
7,8,1,2
7,8,0,0
7,8,2,2
7,8,1,2
7,8,2,2
7,8,1,1
7,8,0,1
7,8,1,2
7,8,2,2
7,8,2,2
7,8,0,2
7,8,1,2
7,8,2,2
7,8,2,2
7,8,0,2
7,8,2,2
7,8,2,2
7,8,2,2
7,8,0,2
7,8,1,1
7,8,2,2
7,8,2,2
7,8,0,1
7,8,2,2
7,8,1,2
7,8,2,2
7,8,0,2
7,8,0,2
7,8,2,2
7,8,1,2
7,8,1,2
7,8,1,2
7,8,2,2
7,8,1,2
7,8,0,2
7,8,0,2
7,8,0,1
7,8,2,2
7,8,1,2
7,8,2,2
7,8,0,2
7,8,2,2
7,8,1,2
7,8,1,2
7,8,2,2
7,8,1,2
7,8,2,2
7,8,2,2
7,8,0,0
7,8,1,2
7,8,1,2
7,8,2,2
7,8,1,2
7,8,1,1
7,8,2,2
7,8,1,2
7,8,1,2
7,8,0,2
7,8,2,2
7,8,1,2
7,8,1,1
7,8,1,2
7,8,2,2
7,8,0,2
7,8,0,2
7,8,0,0
7,8,0,0
7,8,0,2
7,8,0,0
7,8,0,1
7,8,1,2
7,8,0,1
7,8,1,2
7,8,1,2
7,8,1,2
7,8,1,2
7,8,1,2
7,8,2,2
7,8,2,2
7,8,2,2
7,8,1,2
7,8,1,1
7,8,0,2
7,8,0,2
7,8,1,2
7,8,2,2
7,8,0,2
7,8,1,2
7,8,2,2
7,8,1,2
7,8,2,2
7,8,0,2
7,8,2,2
7,8,2,2
7,8,2,2
7,8,0,1
7,8,1,2
7,8,2,2
7,8,2,2
7,8,2,2
7,8,1,1
7,8,2,2
7,8,0,0
7,8,1,2
7,8,1,2
7,8,0,0
7,8,2,2
7,8,2,2
7,8,2,2
7,8,2,2
7,8,2,2
7,8,2,2
7,8,1,2
7,8,0,2
7,8,0,2
7,8,1,2
7,8,0,2
7,8,1,2
7,8,2,2
7,8,0,0
7,8,2,2
7,8,2,2
7,8,1,2
7,8,0,2
7,8,1,2
7,8,1,2
7,8,2,2
7,8,0,1
7,8,0,1
7,8,0,0
7,8,0,2
7,8,2,2
7,8,1,2
7,8,2,2
7,8,1,2
7,8,2,2
7,8,1,2
7,8,2,2
7,8,1,2
7,8,2,2
7,8,0,2
7,8,1,2
7,8,1,2
7,8,0,2
7,8,2,2
7,8,2,2
7,8,1,2
7,8,0,2
7,8,2,2
7,8,1,2
7,8,0,2
7,8,1,2
7,8,2,2
7,8,1,2
7,8,1,1
7,8,2,2
7,8,0,2
7,8,0,1
7,8,1,2
7,8,0,2
7,8,0,2
7,8,2,2
7,8,2,2
7,8,0,1
7,8,0,2
7,8,1,2
7,8,0,2
7,8,1,2
7,8,0,2
7,8,1,2
7,8,2,2
7,8,0,2
7,8,2,2
7,8,2,2
7,8,1,2
7,8,1,1
7,8,2,2
7,8,0,2
7,8,1,1
7,8,2,2
7,8,0,1
7,8,1,2
7,8,0,1
7,8,1,2
7,8,2,2
7,8,1,0
7,8,1,2
7,8,2,2
7,8,1,2
7,8,1,2
7,8,1,2
7,8,1,2
7,8,2,2
7,8,1,2
7,8,0,2
7,8,2,2
7,8,2,2
7,8,0,2
7,8,0,2
7,8,2,2
7,8,1,1
7,8,1,2
7,8,2,2
7,8,0,2
7,8,2,2
7,8,2,2
7,8,1,2
7,8,2,2
7,8,2,2
7,8,0,0
7,8,2,2
7,8,2,2
7,8,2,2
7,8,1,2
7,8,1,2
7,8,2,2
7,8,1,2
7,8,2,2
7,8,0,0
7,8,2,2
7,8,1,2
7,8,0,2
7,8,1,2
7,8,0,2
7,8,1,2
7,8,0,2
7,8,1,2
7,8,0,2
7,8,2,2
7,8,2,2
7,8,2,2
7,8,1,2
7,8,1,2
7,8,2,2
7,8,0,1
7,8,0,2
7,8,1,2
7,8,1,2
7,8,1,2
7,8,2,2
7,8,1,2
7,8,1,2
7,8,2,2
7,8,0,2
7,8,1,2
7,8,1,2
7,8,1,2
7,8,2,2
7,8,2,2
7,8,1,2
7,8,0,2
7,8,2,2
7,8,0,0
7,8,0,2
7,8,0,0
7,8,2,2
7,8,2,2
7,8,0,1
7,8,0,2
7,8,1,2
7,8,2,2
7,8,0,2
7,8,1,1
7,8,1,2
7,8,1,1
7,8,2,2
7,8,2,2
7,8,1,2
7,8,0,2
7,8,0,0
7,8,0,2
7,8,1,2
7,8,1,2
7,8,1,2
7,8,1,1
7,8,2,2
7,8,1,2
7,8,0,2
7,8,2,2
7,8,0,2
7,8,1,2
7,8,0,2
7,8,1,1
7,8,2,2
7,8,1,2
7,8,2,2
7,8,1,2
7,8,1,2
7,8,0,2
7,8,2,2
7,8,2,2
7,8,1,2
7,8,2,2
7,8,1,2
7,8,0,1
7,8,2,2
7,8,1,2
7,8,1,1
7,8,0,2
7,8,0,2
7,8,1,2
7,8,2,2
7,8,1,2
7,8,2,2
7,8,0,2
7,8,1,2
7,8,2,2
7,8,0,2
7,8,2,2
7,8,0,2
7,8,0,0
7,8,2,2
7,8,1,2
7,8,2,2
7,8,1,2
7,8,2,2
7,8,0,2
7,8,1,2
7,8,2,2
7,8,1,2
7,8,1,2
7,8,0,0
7,8,2,2
7,8,1,2
7,8,0,1
7,8,1,2
7,8,0,2
7,8,1,2
7,8,0,1
7,8,1,2
7,8,2,2
7,8,0,2
7,8,0,1
7,8,0,0
7,8,0,2
7,8,2,2
7,8,1,1
7,8,0,1
7,8,2,2
7,8,0,1
7,8,1,2
7,8,2,2
7,8,2,2
7,8,2,2
7,8,0,2
7,8,2,2
7,8,1,2
7,8,0,2
7,8,1,2
7,8,1,2
7,8,0,1
7,8,2,2
7,8,2,2
7,8,2,2
7,8,1,2
7,8,0,0
7,8,2,2
7,8,2,2
7,8,2,2
7,8,1,2
7,8,2,2
7,8,0,0
7,8,2,2
7,8,1,2
7,8,0,2
7,8,0,1
7,8,2,2
7,8,1,2
7,8,1,1
7,8,1,2
7,8,2,2
7,8,1,2
7,8,0,0
7,8,2,2
7,8,2,2
7,8,1,2
7,8,1,2
7,8,1,2
7,8,2,0
7,8,2,2
7,8,0,0
7,8,2,2
7,8,1,2
7,8,1,0
7,8,2,2
7,8,2,2
7,8,2,2
7,8,2,2
7,8,1,2
7,8,2,2
7,8,0,0
7,8,1,2
7,8,0,2
7,8,2,2
7,8,0,2
7,8,2,2
7,8,1,2
7,8,0,2
7,8,0,2
7,8,1,1
7,8,1,2
7,8,1,2
7,8,2,2
7,8,0,0
7,8,2,2
7,8,1,2
7,8,2,2
7,8,1,1
7,8,1,1
7,8,0,1
7,8,2,2
7,8,1,1
7,8,2,2
7,8,1,2
7,8,1,1
7,8,0,2
7,8,1,2
7,8,1,1
7,8,1,2
7,8,1,2
7,8,1,2
7,8,2,2
7,8,0,2
7,8,2,2
7,8,1,2
7,8,1,2
7,8,0,0
7,8,2,2
7,8,0,0
7,8,0,2
7,8,2,2
7,8,1,2
7,8,2,2
7,8,2,2
7,8,2,2
7,8,1,1
7,8,0,2
7,8,0,2
7,8,0,2
7,8,2,2
7,8,2,2
7,8,1,2
7,8,2,2
7,8,1,2
7,8,2,2
7,8,2,2
7,8,2,2
7,8,1,2
7,8,1,2
7,8,0,2
7,8,2,2
7,8,1,2
7,8,2,2
7,8,0,2
7,8,0,0
7,8,1,2
7,8,1,2
7,8,2,2
7,8,0,2
7,8,0,2
7,8,1,2
execution,core,y,ypred
8,8,0,1
8,8,1,1
8,8,1,2
8,8,1,1
8,8,2,2
8,8,2,2
8,8,2,2
8,8,0,2
8,8,2,2
8,8,0,0
8,8,1,2
8,8,2,2
8,8,1,2
8,8,1,1
8,8,1,2
8,8,2,2
8,8,2,2
8,8,2,2
8,8,2,2
8,8,0,0
8,8,2,2
8,8,0,2
8,8,2,2
8,8,2,2
8,8,2,2
8,8,0,0
8,8,2,2
8,8,1,1
8,8,1,1
8,8,2,2
8,8,0,1
8,8,2,2
8,8,0,1
8,8,0,2
8,8,0,2
8,8,1,2
8,8,2,2
8,8,0,1
8,8,1,2
8,8,2,2
8,8,0,1
8,8,1,1
8,8,0,1
8,8,2,2
8,8,2,2
8,8,2,2
8,8,0,2
8,8,0,2
8,8,2,2
8,8,1,2
8,8,2,2
8,8,1,2
8,8,2,2
8,8,1,2
8,8,1,1
8,8,2,2
8,8,2,2
8,8,2,2
8,8,0,2
8,8,2,2
8,8,2,2
8,8,1,1
8,8,2,2
8,8,0,2
8,8,1,2
8,8,1,1
8,8,2,2
8,8,2,1
8,8,1,2
8,8,1,1
8,8,1,1
8,8,2,2
8,8,1,2
8,8,0,1
8,8,0,2
8,8,2,2
8,8,2,2
8,8,2,2
8,8,1,2
8,8,1,2
8,8,1,1
8,8,2,2
8,8,2,2
8,8,1,2
8,8,2,2
8,8,1,1
8,8,1,2
8,8,1,2
8,8,0,2
8,8,2,2
8,8,2,2
8,8,2,2
8,8,2,2
8,8,2,2
8,8,2,2
8,8,1,2
8,8,1,1
8,8,2,2
8,8,2,2
8,8,0,1
8,8,0,2
8,8,1,2
8,8,1,1
8,8,1,2
8,8,2,2
8,8,2,2
8,8,2,2
8,8,0,2
8,8,0,2
8,8,2,2
8,8,2,2
8,8,1,2
8,8,1,2
8,8,0,0
8,8,2,2
8,8,2,2
8,8,0,2
8,8,1,1
8,8,0,0
8,8,2,2
8,8,0,1
8,8,2,2
8,8,0,2
8,8,0,0
8,8,2,2
8,8,1,1
8,8,2,2
8,8,1,1
8,8,1,1
8,8,0,1
8,8,0,2
8,8,2,2
8,8,0,0
8,8,2,2
8,8,1,2
8,8,1,2
8,8,1,1
8,8,1,1
8,8,1,1
8,8,1,1
8,8,2,2
8,8,1,2
8,8,0,2
8,8,1,1
8,8,0,2
8,8,0,2
8,8,0,2
8,8,2,2
8,8,1,2
8,8,0,2
8,8,1,1
8,8,2,2
8,8,1,1
8,8,2,2
8,8,1,2
8,8,1,1
8,8,0,2
8,8,1,1
8,8,1,2
8,8,0,1
8,8,2,2
8,8,2,2
8,8,2,2
8,8,2,2
8,8,1,1
8,8,0,2
8,8,1,1
8,8,1,0
8,8,0,1
8,8,1,1
8,8,1,1
8,8,1,2
8,8,1,2
8,8,1,2
8,8,2,2
8,8,2,2
8,8,1,2
8,8,2,2
8,8,1,1
8,8,1,2
8,8,1,1
8,8,2,2
8,8,0,1
8,8,1,1
8,8,0,1
8,8,2,2
8,8,0,0
8,8,0,1
8,8,0,2
8,8,2,2
8,8,0,2
8,8,1,2
8,8,2,2
8,8,2,2
8,8,1,2
8,8,2,2
8,8,1,1
8,8,2,2
8,8,1,2
8,8,2,2
8,8,1,1
8,8,0,2
8,8,2,2
8,8,1,2
8,8,0,0
8,8,2,2
8,8,2,2
8,8,2,2
8,8,0,1
8,8,1,2
8,8,2,2
8,8,2,2
8,8,2,2
8,8,1,2
8,8,1,2
8,8,2,2
8,8,1,1
8,8,2,2
8,8,2,2
8,8,2,2
8,8,2,2
8,8,0,1
8,8,2,2
8,8,0,2
8,8,1,2
8,8,2,2
8,8,0,2
8,8,1,2
8,8,2,2
8,8,0,0
8,8,1,1
8,8,0,2
8,8,1,2
8,8,1,2
8,8,1,1
8,8,2,2
8,8,2,2
8,8,2,2
8,8,0,2
8,8,1,1
8,8,2,2
8,8,2,2
8,8,0,2
8,8,1,1
8,8,2,2
8,8,1,2
8,8,0,0
8,8,1,2
8,8,0,2
8,8,2,2
8,8,1,1
8,8,2,2
8,8,0,2
8,8,2,2
8,8,0,0
8,8,0,1
8,8,0,2
8,8,2,2
8,8,0,2
8,8,1,1
8,8,2,2
8,8,0,2
8,8,2,2
8,8,0,2
8,8,0,2
8,8,1,0
8,8,2,2
8,8,2,2
8,8,1,2
8,8,2,2
8,8,1,2
8,8,2,2
8,8,0,2
8,8,0,2
8,8,1,2
8,8,2,2
8,8,1,1
8,8,2,2
8,8,2,2
8,8,1,0
8,8,2,2
8,8,0,2
8,8,2,2
8,8,1,2
8,8,2,2
8,8,1,2
8,8,2,2
8,8,2,2
8,8,0,1
8,8,0,1
8,8,0,2
8,8,1,2
8,8,0,2
8,8,1,1
8,8,1,1
8,8,0,0
8,8,0,2
8,8,2,2
8,8,2,2
8,8,1,1
8,8,2,2
8,8,1,1
8,8,1,1
8,8,1,1
8,8,1,1
8,8,0,1
8,8,1,2
8,8,0,2
8,8,0,1
8,8,1,2
8,8,1,2
8,8,1,2
8,8,1,1
8,8,1,2
8,8,2,2
8,8,2,2
8,8,1,2
8,8,2,2
8,8,1,1
8,8,1,1
8,8,2,2
8,8,1,2
8,8,0,1
8,8,2,2
8,8,0,0
8,8,0,1
8,8,1,2
8,8,1,2
8,8,1,1
8,8,0,1
8,8,2,2
8,8,2,2
8,8,1,2
8,8,1,1
8,8,1,2
8,8,0,2
8,8,0,2
8,8,2,2
8,8,2,2
8,8,1,2
8,8,1,2
8,8,2,2
8,8,1,2
8,8,0,1
8,8,1,1
8,8,0,1
8,8,1,2
8,8,2,2
8,8,2,2
8,8,2,2
8,8,0,2
8,8,1,2
8,8,0,2
8,8,1,2
8,8,1,2
8,8,1,1
8,8,2,2
8,8,1,0
8,8,1,2
8,8,2,2
8,8,0,0
8,8,2,0
8,8,0,1
8,8,2,2
8,8,1,2
8,8,2,2
8,8,0,0
8,8,2,1
8,8,1,2
8,8,2,2
8,8,0,0
8,8,2,2
8,8,0,2
8,8,0,1
8,8,0,1
8,8,0,1
8,8,0,1
8,8,0,1
8,8,0,2
8,8,1,2
8,8,0,2
8,8,2,2
8,8,1,1
8,8,1,2
8,8,2,2
8,8,2,2
8,8,1,2
8,8,2,2
8,8,2,2
8,8,2,0
8,8,0,1
8,8,0,2
8,8,1,2
8,8,1,1
8,8,0,2
8,8,1,2
8,8,1,2
8,8,1,2
8,8,2,2
8,8,2,2
8,8,2,2
8,8,0,0
8,8,1,2
8,8,0,2
8,8,2,2
8,8,2,2
8,8,2,2
8,8,2,2
8,8,2,2
8,8,2,2
8,8,1,1
8,8,0,1
8,8,1,1
8,8,1,1
8,8,2,2
8,8,1,2
8,8,1,1
8,8,1,1
8,8,0,2
8,8,0,1
8,8,1,1
8,8,2,2
8,8,1,0
8,8,1,2
8,8,1,1
8,8,1,2
8,8,1,2
8,8,2,2
8,8,1,1
8,8,0,1
8,8,1,1
8,8,1,2
8,8,0,2
8,8,1,2
8,8,2,2
8,8,1,1
8,8,0,2
8,8,0,2
8,8,0,2
8,8,1,2
8,8,1,1
8,8,0,2
8,8,2,2
8,8,0,0
8,8,1,2
8,8,0,0
8,8,1,1
8,8,2,2
8,8,0,0
8,8,0,2
8,8,0,2
8,8,1,2
8,8,2,2
8,8,0,1
8,8,0,1
8,8,2,2
8,8,1,1
8,8,1,1
8,8,0,0
8,8,1,1
8,8,1,1
8,8,0,1
8,8,0,2
8,8,1,1
8,8,2,2
8,8,2,2
8,8,2,2
8,8,0,1
8,8,2,2
8,8,1,1
8,8,1,1
8,8,1,1
8,8,0,2
8,8,0,1
8,8,0,1
8,8,1,1
8,8,0,2
8,8,2,2
8,8,1,2
8,8,2,2
8,8,0,1
8,8,1,2
8,8,1,1
8,8,2,2
8,8,1,1
8,8,0,0
8,8,0,2
8,8,2,2
8,8,2,2
8,8,0,0
8,8,2,2
8,8,1,1
8,8,0,1
8,8,0,2
8,8,2,2
8,8,2,2
8,8,1,2
8,8,0,2
8,8,1,2
8,8,2,2
8,8,2,2
8,8,0,0
8,8,0,2
8,8,1,1
8,8,2,2
8,8,2,2
8,8,2,2
8,8,0,1
8,8,0,1
8,8,0,1
8,8,1,1
8,8,2,2
8,8,2,2
8,8,2,2
8,8,0,2
8,8,1,2
8,8,1,1
8,8,0,1
8,8,2,2
8,8,1,2
8,8,2,2
8,8,1,2
8,8,2,2
8,8,2,2
8,8,2,2
8,8,2,0
8,8,0,2
8,8,1,2
8,8,2,2
8,8,0,2
8,8,2,1
8,8,2,2
8,8,1,2
8,8,0,1
8,8,2,2
8,8,1,2
8,8,2,2
8,8,2,2
8,8,1,2
8,8,1,2
8,8,2,2
8,8,2,2
8,8,1,0
8,8,2,2
8,8,2,2
8,8,2,2
8,8,0,2
8,8,2,2
8,8,1,1
8,8,1,2
8,8,1,2
8,8,1,1
8,8,1,1
8,8,2,2
8,8,1,2
8,8,2,2
8,8,1,2
8,8,0,2
8,8,0,2
8,8,1,1
8,8,0,1
8,8,1,1
8,8,0,1
8,8,2,2
8,8,2,2
8,8,0,1
8,8,1,2
8,8,2,2
8,8,1,2
8,8,1,1
8,8,2,2
8,8,1,2
8,8,2,2
8,8,1,2
8,8,0,2
8,8,1,1
8,8,0,2
8,8,1,2
8,8,0,0
8,8,2,2
8,8,1,1
8,8,2,2
8,8,1,1
8,8,0,0
8,8,1,1
8,8,2,2
8,8,2,2
8,8,0,1
8,8,1,2
8,8,2,2
8,8,2,2
8,8,0,2
8,8,2,2
8,8,2,2
8,8,2,2
8,8,0,2
8,8,1,1
8,8,2,2
8,8,2,2
8,8,0,1
8,8,2,0
8,8,1,2
8,8,2,2
8,8,0,2
8,8,0,2
8,8,2,2
8,8,1,2
8,8,1,0
8,8,1,1
8,8,2,2
8,8,1,2
8,8,0,2
8,8,0,2
8,8,0,0
8,8,2,2
8,8,1,2
8,8,2,2
8,8,0,2
8,8,2,2
8,8,1,2
8,8,1,2
8,8,2,0
8,8,1,2
8,8,2,2
8,8,2,2
8,8,0,0
8,8,1,2
8,8,1,2
8,8,2,2
8,8,1,2
8,8,1,1
8,8,2,2
8,8,1,2
8,8,1,1
8,8,0,2
8,8,2,2
8,8,1,2
8,8,1,1
8,8,1,1
8,8,2,2
8,8,0,2
8,8,0,2
8,8,0,0
8,8,0,0
8,8,0,1
8,8,0,0
8,8,0,1
8,8,1,2
8,8,0,1
8,8,1,2
8,8,1,2
8,8,1,1
8,8,1,2
8,8,1,2
8,8,2,2
8,8,2,0
8,8,2,2
8,8,1,1
8,8,1,1
8,8,0,2
8,8,0,2
8,8,1,2
8,8,2,2
8,8,0,1
8,8,1,2
8,8,2,2
8,8,1,2
8,8,2,2
8,8,0,2
8,8,2,2
8,8,2,2
8,8,2,2
8,8,0,1
8,8,1,1
8,8,2,2
8,8,2,1
8,8,2,2
8,8,1,1
8,8,2,2
8,8,0,0
8,8,1,2
8,8,1,1
8,8,0,0
8,8,2,2
8,8,2,2
8,8,2,1
8,8,2,2
8,8,2,2
8,8,2,2
8,8,1,1
8,8,0,1
8,8,0,2
8,8,1,1
8,8,0,2
8,8,1,2
8,8,2,2
8,8,0,0
8,8,2,2
8,8,2,2
8,8,1,2
8,8,0,2
8,8,1,1
8,8,1,2
8,8,2,2
8,8,0,1
8,8,0,1
8,8,0,2
8,8,0,2
8,8,2,2
8,8,1,2
8,8,2,2
8,8,1,2
8,8,2,2
8,8,1,2
8,8,2,2
8,8,1,2
8,8,2,2
8,8,0,2
8,8,1,2
8,8,1,1
8,8,0,2
8,8,2,2
8,8,2,2
8,8,1,2
8,8,0,2
8,8,2,2
8,8,1,2
8,8,0,2
8,8,1,1
8,8,2,2
8,8,1,2
8,8,1,1
8,8,2,2
8,8,0,2
8,8,0,1
8,8,1,2
8,8,0,1
8,8,0,2
8,8,2,1
8,8,2,2
8,8,0,0
8,8,0,2
8,8,1,2
8,8,0,2
8,8,1,1
8,8,0,2
8,8,1,1
8,8,2,2
8,8,0,2
8,8,2,2
8,8,2,2
8,8,1,1
8,8,1,0
8,8,2,2
8,8,0,2
8,8,1,1
8,8,2,2
8,8,0,1
8,8,1,2
8,8,0,1
8,8,1,2
8,8,2,1
8,8,1,0
8,8,1,2
8,8,2,2
8,8,1,2
8,8,1,2
8,8,1,2
8,8,1,2
8,8,2,0
8,8,1,2
8,8,0,2
8,8,2,2
8,8,2,2
8,8,0,2
8,8,0,2
8,8,2,2
8,8,1,1
8,8,1,1
8,8,2,2
8,8,0,1
8,8,2,2
8,8,2,2
8,8,1,2
8,8,2,2
8,8,2,2
8,8,0,0
8,8,2,2
8,8,2,2
8,8,2,2
8,8,1,2
8,8,1,1
8,8,2,2
8,8,1,1
8,8,2,2
8,8,0,0
8,8,2,2
8,8,1,1
8,8,0,1
8,8,1,1
8,8,0,2
8,8,1,2
8,8,0,1
8,8,1,2
8,8,0,2
8,8,2,2
8,8,2,2
8,8,2,2
8,8,1,2
8,8,1,1
8,8,2,2
8,8,0,1
8,8,0,1
8,8,1,2
8,8,1,2
8,8,1,1
8,8,2,2
8,8,1,2
8,8,1,2
8,8,2,2
8,8,0,2
8,8,1,1
8,8,1,2
8,8,1,2
8,8,2,2
8,8,2,2
8,8,1,2
8,8,0,2
8,8,2,2
8,8,0,0
8,8,0,2
8,8,0,0
8,8,2,2
8,8,2,2
8,8,0,1
8,8,0,2
8,8,1,2
8,8,2,2
8,8,0,2
8,8,1,1
8,8,1,2
8,8,1,1
8,8,2,2
8,8,2,1
8,8,1,2
8,8,0,2
8,8,0,0
8,8,0,2
8,8,1,2
8,8,1,2
8,8,1,2
8,8,1,1
8,8,2,2
8,8,1,2
8,8,0,2
8,8,2,2
8,8,0,2
8,8,1,2
8,8,0,2
8,8,1,1
8,8,2,2
8,8,1,1
8,8,2,2
8,8,1,2
8,8,1,2
8,8,0,2
8,8,2,2
8,8,2,2
8,8,1,2
8,8,2,2
8,8,1,2
8,8,0,1
8,8,2,2
8,8,1,2
8,8,1,1
8,8,0,0
8,8,0,2
8,8,1,2
8,8,2,2
8,8,1,2
8,8,2,2
8,8,0,2
8,8,1,1
8,8,2,2
8,8,0,2
8,8,2,2
8,8,0,2
8,8,0,0
8,8,2,2
8,8,1,2
8,8,2,2
8,8,1,2
8,8,2,2
8,8,0,1
8,8,1,2
8,8,2,2
8,8,1,2
8,8,1,2
8,8,0,0
8,8,2,2
8,8,1,2
8,8,0,1
8,8,1,2
8,8,0,2
8,8,1,1
8,8,0,1
8,8,1,2
8,8,2,2
8,8,0,2
8,8,0,1
8,8,0,1
8,8,0,2
8,8,2,2
8,8,1,1
8,8,0,1
8,8,2,2
8,8,0,1
8,8,1,2
8,8,2,2
8,8,2,2
8,8,2,2
8,8,0,2
8,8,2,2
8,8,1,2
8,8,0,2
8,8,1,2
8,8,1,2
8,8,0,1
8,8,2,2
8,8,2,2
8,8,2,2
8,8,1,2
8,8,0,0
8,8,2,2
8,8,2,2
8,8,2,2
8,8,1,2
8,8,2,2
8,8,0,0
8,8,2,2
8,8,1,2
8,8,0,2
8,8,0,1
8,8,2,2
8,8,1,2
8,8,1,1
8,8,1,2
8,8,2,2
8,8,1,2
8,8,0,0
8,8,2,2
8,8,2,2
8,8,1,1
8,8,1,2
8,8,1,1
8,8,2,0
8,8,2,2
8,8,0,0
8,8,2,2
8,8,1,1
8,8,1,0
8,8,2,2
8,8,2,2
8,8,2,2
8,8,2,2
8,8,1,2
8,8,2,2
8,8,0,0
8,8,1,2
8,8,0,1
8,8,2,1
8,8,0,2
8,8,2,2
8,8,1,2
8,8,0,1
8,8,0,2
8,8,1,1
8,8,1,2
8,8,1,1
8,8,2,2
8,8,0,0
8,8,2,2
8,8,1,2
8,8,2,2
8,8,1,1
8,8,1,1
8,8,0,1
8,8,2,2
8,8,1,1
8,8,2,2
8,8,1,2
8,8,1,1
8,8,0,2
8,8,1,2
8,8,1,1
8,8,1,2
8,8,1,1
8,8,1,2
8,8,2,0
8,8,0,0
8,8,2,2
8,8,1,1
8,8,1,1
8,8,0,0
8,8,2,2
8,8,0,0
8,8,0,1
8,8,2,2
8,8,1,2
8,8,2,2
8,8,2,2
8,8,2,2
8,8,1,1
8,8,0,2
8,8,0,2
8,8,0,2
8,8,2,2
8,8,2,2
8,8,1,1
8,8,2,2
8,8,1,2
8,8,2,2
8,8,2,2
8,8,2,2
8,8,1,2
8,8,1,1
8,8,0,2
8,8,2,2
8,8,1,1
8,8,2,2
8,8,0,1
8,8,0,0
8,8,1,2
8,8,1,1
8,8,2,2
8,8,0,1
8,8,0,2
8,8,1,1
execution,core,y,ypred
9,8,0,1
9,8,1,1
9,8,1,1
9,8,1,1
9,8,2,2
9,8,2,2
9,8,2,0
9,8,0,2
9,8,2,2
9,8,0,0
9,8,1,1
9,8,2,1
9,8,1,1
9,8,1,1
9,8,1,1
9,8,2,2
9,8,2,2
9,8,2,2
9,8,2,1
9,8,0,0
9,8,2,2
9,8,0,1
9,8,2,2
9,8,2,0
9,8,2,1
9,8,0,0
9,8,2,2
9,8,1,1
9,8,1,1
9,8,2,2
9,8,0,0
9,8,2,0
9,8,0,1
9,8,0,0
9,8,0,2
9,8,1,1
9,8,2,2
9,8,0,0
9,8,1,1
9,8,2,2
9,8,0,1
9,8,1,1
9,8,0,0
9,8,2,2
9,8,2,2
9,8,2,2
9,8,0,2
9,8,0,0
9,8,2,2
9,8,1,0
9,8,2,2
9,8,1,2
9,8,2,2
9,8,1,2
9,8,1,1
9,8,2,2
9,8,2,2
9,8,2,2
9,8,0,1
9,8,2,2
9,8,2,2
9,8,1,1
9,8,2,0
9,8,0,2
9,8,1,2
9,8,1,1
9,8,2,2
9,8,2,0
9,8,1,1
9,8,1,1
9,8,1,1
9,8,2,2
9,8,1,1
9,8,0,1
9,8,0,0
9,8,2,0
9,8,2,2
9,8,2,2
9,8,1,1
9,8,1,2
9,8,1,1
9,8,2,2
9,8,2,2
9,8,1,1
9,8,2,2
9,8,1,1
9,8,1,2
9,8,1,2
9,8,0,1
9,8,2,2
9,8,2,2
9,8,2,2
9,8,2,2
9,8,2,2
9,8,2,2
9,8,1,2
9,8,1,0
9,8,2,2
9,8,2,2
9,8,0,1
9,8,0,1
9,8,1,2
9,8,1,1
9,8,1,2
9,8,2,2
9,8,2,2
9,8,2,2
9,8,0,2
9,8,0,1
9,8,2,2
9,8,2,1
9,8,1,2
9,8,1,1
9,8,0,0
9,8,2,1
9,8,2,2
9,8,0,0
9,8,1,1
9,8,0,0
9,8,2,2
9,8,0,1
9,8,2,2
9,8,0,2
9,8,0,0
9,8,2,2
9,8,1,1
9,8,2,2
9,8,1,1
9,8,1,1
9,8,0,1
9,8,0,0
9,8,2,0
9,8,0,0
9,8,2,2
9,8,1,1
9,8,1,1
9,8,1,1
9,8,1,1
9,8,1,1
9,8,1,1
9,8,2,2
9,8,1,1
9,8,0,0
9,8,1,1
9,8,0,1
9,8,0,2
9,8,0,0
9,8,2,2
9,8,1,2
9,8,0,0
9,8,1,1
9,8,2,2
9,8,1,1
9,8,2,2
9,8,1,2
9,8,1,1
9,8,0,1
9,8,1,0
9,8,1,2
9,8,0,1
9,8,2,2
9,8,2,2
9,8,2,2
9,8,2,2
9,8,1,0
9,8,0,2
9,8,1,1
9,8,1,0
9,8,0,0
9,8,1,1
9,8,1,1
9,8,1,1
9,8,1,2
9,8,1,1
9,8,2,2
9,8,2,0
9,8,1,2
9,8,2,2
9,8,1,1
9,8,1,1
9,8,1,1
9,8,2,2
9,8,0,0
9,8,1,1
9,8,0,0
9,8,2,2
9,8,0,0
9,8,0,1
9,8,0,2
9,8,2,2
9,8,0,2
9,8,1,0
9,8,2,2
9,8,2,2
9,8,1,2
9,8,2,2
9,8,1,0
9,8,2,2
9,8,1,2
9,8,2,2
9,8,1,0
9,8,0,2
9,8,2,2
9,8,1,2
9,8,0,0
9,8,2,2
9,8,2,2
9,8,2,0
9,8,0,1
9,8,1,1
9,8,2,2
9,8,2,2
9,8,2,2
9,8,1,2
9,8,1,1
9,8,2,2
9,8,1,1
9,8,2,2
9,8,2,2
9,8,2,2
9,8,2,2
9,8,0,0
9,8,2,2
9,8,0,0
9,8,1,1
9,8,2,2
9,8,0,2
9,8,1,1
9,8,2,0
9,8,0,0
9,8,1,1
9,8,0,2
9,8,1,2
9,8,1,1
9,8,1,1
9,8,2,2
9,8,2,2
9,8,2,2
9,8,0,2
9,8,1,1
9,8,2,2
9,8,2,2
9,8,0,0
9,8,1,1
9,8,2,2
9,8,1,1
9,8,0,0
9,8,1,2
9,8,0,2
9,8,2,2
9,8,1,1
9,8,2,2
9,8,0,0
9,8,2,0
9,8,0,0
9,8,0,1
9,8,0,0
9,8,2,2
9,8,0,0
9,8,1,0
9,8,2,2
9,8,0,0
9,8,2,2
9,8,0,2
9,8,0,2
9,8,1,0
9,8,2,2
9,8,2,2
9,8,1,1
9,8,2,0
9,8,1,1
9,8,2,2
9,8,0,0
9,8,0,1
9,8,1,2
9,8,2,2
9,8,1,1
9,8,2,2
9,8,2,2
9,8,1,0
9,8,2,2
9,8,0,2
9,8,2,2
9,8,1,2
9,8,2,2
9,8,1,2
9,8,2,2
9,8,2,2
9,8,0,1
9,8,0,0
9,8,0,2
9,8,1,1
9,8,0,2
9,8,1,1
9,8,1,1
9,8,0,0
9,8,0,2
9,8,2,2
9,8,2,2
9,8,1,0
9,8,2,2
9,8,1,1
9,8,1,1
9,8,1,1
9,8,1,1
9,8,0,0
9,8,1,1
9,8,0,2
9,8,0,1
9,8,1,2
9,8,1,2
9,8,1,2
9,8,1,1
9,8,1,1
9,8,2,2
9,8,2,2
9,8,1,2
9,8,2,2
9,8,1,1
9,8,1,1
9,8,2,2
9,8,1,1
9,8,0,1
9,8,2,2
9,8,0,0
9,8,0,0
9,8,1,1
9,8,1,2
9,8,1,1
9,8,0,1
9,8,2,2
9,8,2,2
9,8,1,1
9,8,1,1
9,8,1,2
9,8,0,0
9,8,0,0
9,8,2,2
9,8,2,2
9,8,1,1
9,8,1,2
9,8,2,2
9,8,1,2
9,8,0,1
9,8,1,1
9,8,0,1
9,8,1,1
9,8,2,2
9,8,2,2
9,8,2,2
9,8,0,2
9,8,1,2
9,8,0,2
9,8,1,2
9,8,1,2
9,8,1,1
9,8,2,2
9,8,1,0
9,8,1,2
9,8,2,2
9,8,0,0
9,8,2,0
9,8,0,1
9,8,2,0
9,8,1,2
9,8,2,2
9,8,0,0
9,8,2,0
9,8,1,2
9,8,2,2
9,8,0,0
9,8,2,2
9,8,0,0
9,8,0,1
9,8,0,1
9,8,0,0
9,8,0,1
9,8,0,1
9,8,0,0
9,8,1,1
9,8,0,1
9,8,2,2
9,8,1,1
9,8,1,2
9,8,2,2
9,8,2,2
9,8,1,1
9,8,2,2
9,8,2,2
9,8,2,0
9,8,0,0
9,8,0,2
9,8,1,2
9,8,1,1
9,8,0,1
9,8,1,1
9,8,1,1
9,8,1,2
9,8,2,2
9,8,2,2
9,8,2,0
9,8,0,0
9,8,1,1
9,8,0,2
9,8,2,2
9,8,2,2
9,8,2,2
9,8,2,2
9,8,2,2
9,8,2,2
9,8,1,0
9,8,0,1
9,8,1,1
9,8,1,1
9,8,2,2
9,8,1,2
9,8,1,0
9,8,1,0
9,8,0,0
9,8,0,1
9,8,1,0
9,8,2,2
9,8,1,0
9,8,1,2
9,8,1,1
9,8,1,1
9,8,1,2
9,8,2,2
9,8,1,1
9,8,0,0
9,8,1,1
9,8,1,1
9,8,0,2
9,8,1,1
9,8,2,2
9,8,1,1
9,8,0,0
9,8,0,1
9,8,0,2
9,8,1,1
9,8,1,1
9,8,0,1
9,8,2,0
9,8,0,0
9,8,1,2
9,8,0,0
9,8,1,1
9,8,2,2
9,8,0,0
9,8,0,2
9,8,0,0
9,8,1,2
9,8,2,2
9,8,0,0
9,8,0,1
9,8,2,2
9,8,1,1
9,8,1,1
9,8,0,0
9,8,1,1
9,8,1,1
9,8,0,1
9,8,0,1
9,8,1,1
9,8,2,2
9,8,2,2
9,8,2,2
9,8,0,1
9,8,2,2
9,8,1,1
9,8,1,1
9,8,1,1
9,8,0,1
9,8,0,0
9,8,0,1
9,8,1,1
9,8,0,2
9,8,2,1
9,8,1,2
9,8,2,2
9,8,0,1
9,8,1,1
9,8,1,1
9,8,2,2
9,8,1,1
9,8,0,0
9,8,0,0
9,8,2,2
9,8,2,2
9,8,0,0
9,8,2,2
9,8,1,1
9,8,0,1
9,8,0,1
9,8,2,2
9,8,2,2
9,8,1,2
9,8,0,0
9,8,1,1
9,8,2,2
9,8,2,2
9,8,0,0
9,8,0,0
9,8,1,1
9,8,2,2
9,8,2,2
9,8,2,2
9,8,0,0
9,8,0,1
9,8,0,1
9,8,1,1
9,8,2,2
9,8,2,2
9,8,2,2
9,8,0,2
9,8,1,2
9,8,1,1
9,8,0,1
9,8,2,2
9,8,1,2
9,8,2,2
9,8,1,1
9,8,2,2
9,8,2,2
9,8,2,2
9,8,2,0
9,8,0,0
9,8,1,1
9,8,2,2
9,8,0,2
9,8,2,1
9,8,2,2
9,8,1,1
9,8,0,0
9,8,2,1
9,8,1,1
9,8,2,2
9,8,2,2
9,8,1,1
9,8,1,1
9,8,2,2
9,8,2,2
9,8,1,0
9,8,2,2
9,8,2,2
9,8,2,2
9,8,0,2
9,8,2,2
9,8,1,1
9,8,1,2
9,8,1,1
9,8,1,1
9,8,1,1
9,8,2,2
9,8,1,1
9,8,2,2
9,8,1,1
9,8,0,2
9,8,0,1
9,8,1,1
9,8,0,1
9,8,1,1
9,8,0,0
9,8,2,2
9,8,2,2
9,8,0,1
9,8,1,1
9,8,2,2
9,8,1,1
9,8,1,1
9,8,2,0
9,8,1,0
9,8,2,0
9,8,1,2
9,8,0,0
9,8,1,1
9,8,0,2
9,8,1,2
9,8,0,0
9,8,2,2
9,8,1,1
9,8,2,2
9,8,1,1
9,8,0,0
9,8,1,1
9,8,2,0
9,8,2,0
9,8,0,0
9,8,1,0
9,8,2,2
9,8,2,2
9,8,0,0
9,8,2,2
9,8,2,2
9,8,2,2
9,8,0,0
9,8,1,1
9,8,2,2
9,8,2,2
9,8,0,0
9,8,2,0
9,8,1,2
9,8,2,2
9,8,0,2
9,8,0,2
9,8,2,2
9,8,1,2
9,8,1,0
9,8,1,1
9,8,2,2
9,8,1,1
9,8,0,2
9,8,0,0
9,8,0,0
9,8,2,2
9,8,1,1
9,8,2,2
9,8,0,1
9,8,2,2
9,8,1,1
9,8,1,2
9,8,2,0
9,8,1,2
9,8,2,2
9,8,2,2
9,8,0,0
9,8,1,2
9,8,1,2
9,8,2,2
9,8,1,1
9,8,1,1
9,8,2,2
9,8,1,1
9,8,1,1
9,8,0,0
9,8,2,2
9,8,1,2
9,8,1,1
9,8,1,1
9,8,2,2
9,8,0,2
9,8,0,2
9,8,0,0
9,8,0,0
9,8,0,1
9,8,0,0
9,8,0,1
9,8,1,2
9,8,0,1
9,8,1,2
9,8,1,2
9,8,1,0
9,8,1,1
9,8,1,2
9,8,2,2
9,8,2,2
9,8,2,2
9,8,1,1
9,8,1,0
9,8,0,1
9,8,0,2
9,8,1,2
9,8,2,0
9,8,0,1
9,8,1,2
9,8,2,2
9,8,1,2
9,8,2,0
9,8,0,1
9,8,2,2
9,8,2,2
9,8,2,2
9,8,0,0
9,8,1,1
9,8,2,2
9,8,2,0
9,8,2,2
9,8,1,1
9,8,2,2
9,8,0,0
9,8,1,2
9,8,1,0
9,8,0,0
9,8,2,2
9,8,2,2
9,8,2,0
9,8,2,2
9,8,2,2
9,8,2,2
9,8,1,1
9,8,0,0
9,8,0,2
9,8,1,1
9,8,0,1
9,8,1,1
9,8,2,2
9,8,0,0
9,8,2,2
9,8,2,2
9,8,1,0
9,8,0,2
9,8,1,1
9,8,1,1
9,8,2,2
9,8,0,1
9,8,0,1
9,8,0,0
9,8,0,0
9,8,2,2
9,8,1,0
9,8,2,2
9,8,1,2
9,8,2,0
9,8,1,0
9,8,2,2
9,8,1,1
9,8,2,2
9,8,0,0
9,8,1,2
9,8,1,1
9,8,0,2
9,8,2,2
9,8,2,1
9,8,1,2
9,8,0,2
9,8,2,2
9,8,1,2
9,8,0,1
9,8,1,1
9,8,2,2
9,8,1,1
9,8,1,1
9,8,2,2
9,8,0,1
9,8,0,1
9,8,1,1
9,8,0,1
9,8,0,2
9,8,2,0
9,8,2,2
9,8,0,0
9,8,0,1
9,8,1,1
9,8,0,2
9,8,1,1
9,8,0,2
9,8,1,1
9,8,2,2
9,8,0,1
9,8,2,2
9,8,2,2
9,8,1,1
9,8,1,0
9,8,2,2
9,8,0,2
9,8,1,0
9,8,2,2
9,8,0,0
9,8,1,1
9,8,0,1
9,8,1,2
9,8,2,1
9,8,1,0
9,8,1,2
9,8,2,2
9,8,1,1
9,8,1,2
9,8,1,2
9,8,1,1
9,8,2,0
9,8,1,1
9,8,0,0
9,8,2,2
9,8,2,2
9,8,0,2
9,8,0,0
9,8,2,2
9,8,1,1
9,8,1,1
9,8,2,2
9,8,0,1
9,8,2,2
9,8,2,2
9,8,1,2
9,8,2,2
9,8,2,2
9,8,0,0
9,8,2,2
9,8,2,2
9,8,2,2
9,8,1,2
9,8,1,1
9,8,2,2
9,8,1,1
9,8,2,2
9,8,0,0
9,8,2,2
9,8,1,1
9,8,0,0
9,8,1,1
9,8,0,0
9,8,1,1
9,8,0,1
9,8,1,2
9,8,0,0
9,8,2,2
9,8,2,2
9,8,2,2
9,8,1,1
9,8,1,1
9,8,2,2
9,8,0,0
9,8,0,1
9,8,1,2
9,8,1,2
9,8,1,1
9,8,2,2
9,8,1,2
9,8,1,1
9,8,2,2
9,8,0,1
9,8,1,1
9,8,1,2
9,8,1,2
9,8,2,2
9,8,2,2
9,8,1,1
9,8,0,0
9,8,2,2
9,8,0,0
9,8,0,1
9,8,0,0
9,8,2,2
9,8,2,2
9,8,0,1
9,8,0,0
9,8,1,2
9,8,2,0
9,8,0,2
9,8,1,0
9,8,1,2
9,8,1,0
9,8,2,2
9,8,2,1
9,8,1,2
9,8,0,2
9,8,0,0
9,8,0,0
9,8,1,1
9,8,1,2
9,8,1,1
9,8,1,1
9,8,2,2
9,8,1,1
9,8,0,2
9,8,2,0
9,8,0,0
9,8,1,1
9,8,0,2
9,8,1,1
9,8,2,0
9,8,1,1
9,8,2,2
9,8,1,2
9,8,1,2
9,8,0,2
9,8,2,2
9,8,2,2
9,8,1,2
9,8,2,2
9,8,1,2
9,8,0,0
9,8,2,2
9,8,1,2
9,8,1,1
9,8,0,0
9,8,0,1
9,8,1,0
9,8,2,2
9,8,1,2
9,8,2,2
9,8,0,2
9,8,1,1
9,8,2,2
9,8,0,0
9,8,2,0
9,8,0,0
9,8,0,0
9,8,2,2
9,8,1,2
9,8,2,2
9,8,1,2
9,8,2,2
9,8,0,1
9,8,1,2
9,8,2,2
9,8,1,1
9,8,1,2
9,8,0,0
9,8,2,2
9,8,1,1
9,8,0,1
9,8,1,0
9,8,0,2
9,8,1,1
9,8,0,1
9,8,1,1
9,8,2,2
9,8,0,2
9,8,0,1
9,8,0,0
9,8,0,0
9,8,2,2
9,8,1,1
9,8,0,1
9,8,2,2
9,8,0,0
9,8,1,2
9,8,2,2
9,8,2,2
9,8,2,2
9,8,0,1
9,8,2,2
9,8,1,2
9,8,0,2
9,8,1,2
9,8,1,1
9,8,0,1
9,8,2,2
9,8,2,2
9,8,2,2
9,8,1,2
9,8,0,0
9,8,2,0
9,8,2,2
9,8,2,2
9,8,1,2
9,8,2,2
9,8,0,0
9,8,2,2
9,8,1,1
9,8,0,1
9,8,0,1
9,8,2,2
9,8,1,2
9,8,1,1
9,8,1,2
9,8,2,0
9,8,1,2
9,8,0,0
9,8,2,0
9,8,2,2
9,8,1,1
9,8,1,2
9,8,1,1
9,8,2,0
9,8,2,2
9,8,0,0
9,8,2,2
9,8,1,1
9,8,1,0
9,8,2,2
9,8,2,2
9,8,2,1
9,8,2,0
9,8,1,1
9,8,2,2
9,8,0,0
9,8,1,1
9,8,0,1
9,8,2,1
9,8,0,2
9,8,2,2
9,8,1,1
9,8,0,1
9,8,0,2
9,8,1,1
9,8,1,0
9,8,1,1
9,8,2,2
9,8,0,0
9,8,2,2
9,8,1,2
9,8,2,2
9,8,1,1
9,8,1,1
9,8,0,1
9,8,2,1
9,8,1,0
9,8,2,2
9,8,1,1
9,8,1,1
9,8,0,0
9,8,1,1
9,8,1,1
9,8,1,2
9,8,1,1
9,8,1,1
9,8,2,0
9,8,0,0
9,8,2,2
9,8,1,1
9,8,1,1
9,8,0,0
9,8,2,2
9,8,0,0
9,8,0,0
9,8,2,2
9,8,1,1
9,8,2,2
9,8,2,1
9,8,2,2
9,8,1,1
9,8,0,2
9,8,0,2
9,8,0,2
9,8,2,2
9,8,2,2
9,8,1,1
9,8,2,2
9,8,1,2
9,8,2,2
9,8,2,2
9,8,2,2
9,8,1,2
9,8,1,1
9,8,0,1
9,8,2,2
9,8,1,1
9,8,2,2
9,8,0,0
9,8,0,0
9,8,1,2
9,8,1,1
9,8,2,2
9,8,0,1
9,8,0,2
9,8,1,1
execution,core,y,ypred
10,8,0,1
10,8,1,1
10,8,1,1
10,8,1,2
10,8,2,2
10,8,2,2
10,8,2,0
10,8,0,2
10,8,2,2
10,8,0,0
10,8,1,2
10,8,2,1
10,8,1,1
10,8,1,1
10,8,1,1
10,8,2,2
10,8,2,2
10,8,2,2
10,8,2,1
10,8,0,0
10,8,2,2
10,8,0,2
10,8,2,2
10,8,2,1
10,8,2,2
10,8,0,0
10,8,2,2
10,8,1,1
10,8,1,1
10,8,2,2
10,8,0,0
10,8,2,0
10,8,0,1
10,8,0,0
10,8,0,2
10,8,1,1
10,8,2,2
10,8,0,1
10,8,1,2
10,8,2,2
10,8,0,1
10,8,1,1
10,8,0,1
10,8,2,2
10,8,2,2
10,8,2,2
10,8,0,2
10,8,0,0
10,8,2,2
10,8,1,1
10,8,2,2
10,8,1,2
10,8,2,2
10,8,1,2
10,8,1,1
10,8,2,2
10,8,2,2
10,8,2,2
10,8,0,1
10,8,2,2
10,8,2,2
10,8,1,1
10,8,2,0
10,8,0,2
10,8,1,2
10,8,1,1
10,8,2,2
10,8,2,0
10,8,1,2
10,8,1,1
10,8,1,1
10,8,2,2
10,8,1,2
10,8,0,1
10,8,0,0
10,8,2,0
10,8,2,2
10,8,2,2
10,8,1,1
10,8,1,2
10,8,1,1
10,8,2,2
10,8,2,2
10,8,1,2
10,8,2,2
10,8,1,1
10,8,1,2
10,8,1,2
10,8,0,2
10,8,2,2
10,8,2,2
10,8,2,2
10,8,2,2
10,8,2,2
10,8,2,2
10,8,1,2
10,8,1,1
10,8,2,2
10,8,2,2
10,8,0,1
10,8,0,2
10,8,1,2
10,8,1,1
10,8,1,2
10,8,2,2
10,8,2,2
10,8,2,2
10,8,0,2
10,8,0,1
10,8,2,2
10,8,2,1
10,8,1,2
10,8,1,1
10,8,0,0
10,8,2,1
10,8,2,2
10,8,0,1
10,8,1,1
10,8,0,0
10,8,2,2
10,8,0,1
10,8,2,2
10,8,0,2
10,8,0,0
10,8,2,2
10,8,1,1
10,8,2,2
10,8,1,1
10,8,1,1
10,8,0,1
10,8,0,0
10,8,2,0
10,8,0,0
10,8,2,2
10,8,1,1
10,8,1,2
10,8,1,1
10,8,1,1
10,8,1,1
10,8,1,1
10,8,2,2
10,8,1,2
10,8,0,2
10,8,1,1
10,8,0,2
10,8,0,2
10,8,0,0
10,8,2,2
10,8,1,2
10,8,0,0
10,8,1,1
10,8,2,2
10,8,1,1
10,8,2,2
10,8,1,2
10,8,1,1
10,8,0,2
10,8,1,1
10,8,1,2
10,8,0,1
10,8,2,2
10,8,2,2
10,8,2,2
10,8,2,2
10,8,1,0
10,8,0,2
10,8,1,1
10,8,1,0
10,8,0,0
10,8,1,1
10,8,1,1
10,8,1,2
10,8,1,2
10,8,1,1
10,8,2,2
10,8,2,2
10,8,1,2
10,8,2,2
10,8,1,1
10,8,1,1
10,8,1,2
10,8,2,2
10,8,0,1
10,8,1,1
10,8,0,0
10,8,2,2
10,8,0,0
10,8,0,1
10,8,0,2
10,8,2,2
10,8,0,2
10,8,1,0
10,8,2,2
10,8,2,2
10,8,1,2
10,8,2,2
10,8,1,1
10,8,2,2
10,8,1,2
10,8,2,2
10,8,1,1
10,8,0,0
10,8,2,2
10,8,1,2
10,8,0,0
10,8,2,2
10,8,2,2
10,8,2,2
10,8,0,1
10,8,1,2
10,8,2,2
10,8,2,2
10,8,2,2
10,8,1,2
10,8,1,2
10,8,2,2
10,8,1,1
10,8,2,2
10,8,2,2
10,8,2,2
10,8,2,1
10,8,0,1
10,8,2,2
10,8,0,0
10,8,1,1
10,8,2,2
10,8,0,2
10,8,1,1
10,8,2,0
10,8,0,0
10,8,1,1
10,8,0,2
10,8,1,2
10,8,1,1
10,8,1,1
10,8,2,2
10,8,2,2
10,8,2,2
10,8,0,2
10,8,1,1
10,8,2,2
10,8,2,2
10,8,0,0
10,8,1,1
10,8,2,2
10,8,1,2
10,8,0,0
10,8,1,1
10,8,0,0
10,8,2,2
10,8,1,1
10,8,2,2
10,8,0,0
10,8,2,0
10,8,0,0
10,8,0,1
10,8,0,0
10,8,2,2
10,8,0,0
10,8,1,1
10,8,2,2
10,8,0,0
10,8,2,2
10,8,0,0
10,8,0,2
10,8,1,1
10,8,2,2
10,8,2,2
10,8,1,1
10,8,2,0
10,8,1,2
10,8,2,0
10,8,0,0
10,8,0,1
10,8,1,2
10,8,2,0
10,8,1,1
10,8,2,2
10,8,2,2
10,8,1,0
10,8,2,2
10,8,0,2
10,8,2,2
10,8,1,2
10,8,2,2
10,8,1,2
10,8,2,2
10,8,2,2
10,8,0,1
10,8,0,0
10,8,0,2
10,8,1,2
10,8,0,0
10,8,1,1
10,8,1,1
10,8,0,0
10,8,0,2
10,8,2,2
10,8,2,2
10,8,1,1
10,8,2,2
10,8,1,1
10,8,1,1
10,8,1,1
10,8,1,1
10,8,0,0
10,8,1,1
10,8,0,2
10,8,0,1
10,8,1,2
10,8,1,2
10,8,1,2
10,8,1,1
10,8,1,2
10,8,2,2
10,8,2,2
10,8,1,2
10,8,2,2
10,8,1,1
10,8,1,1
10,8,2,2
10,8,1,2
10,8,0,1
10,8,2,2
10,8,0,0
10,8,0,0
10,8,1,1
10,8,1,2
10,8,1,1
10,8,0,1
10,8,2,2
10,8,2,2
10,8,1,1
10,8,1,1
10,8,1,2
10,8,0,0
10,8,0,2
10,8,2,2
10,8,2,2
10,8,1,1
10,8,1,2
10,8,2,2
10,8,1,2
10,8,0,1
10,8,1,1
10,8,0,1
10,8,1,2
10,8,2,2
10,8,2,2
10,8,2,2
10,8,0,2
10,8,1,2
10,8,0,2
10,8,1,2
10,8,1,2
10,8,1,1
10,8,2,2
10,8,1,0
10,8,1,2
10,8,2,2
10,8,0,0
10,8,2,0
10,8,0,1
10,8,2,2
10,8,1,1
10,8,2,2
10,8,0,0
10,8,2,1
10,8,1,2
10,8,2,2
10,8,0,0
10,8,2,2
10,8,0,0
10,8,0,1
10,8,0,1
10,8,0,0
10,8,0,1
10,8,0,1
10,8,0,0
10,8,1,2
10,8,0,2
10,8,2,2
10,8,1,1
10,8,1,2
10,8,2,2
10,8,2,2
10,8,1,2
10,8,2,2
10,8,2,2
10,8,2,0
10,8,0,0
10,8,0,2
10,8,1,2
10,8,1,1
10,8,0,2
10,8,1,1
10,8,1,1
10,8,1,2
10,8,2,2
10,8,2,2
10,8,2,0
10,8,0,0
10,8,1,2
10,8,0,2
10,8,2,2
10,8,2,2
10,8,2,2
10,8,2,2
10,8,2,2
10,8,2,2
10,8,1,0
10,8,0,1
10,8,1,1
10,8,1,1
10,8,2,2
10,8,1,2
10,8,1,1
10,8,1,0
10,8,0,0
10,8,0,1
10,8,1,1
10,8,2,2
10,8,1,0
10,8,1,2
10,8,1,1
10,8,1,2
10,8,1,2
10,8,2,2
10,8,1,1
10,8,0,1
10,8,1,1
10,8,1,2
10,8,0,2
10,8,1,2
10,8,2,2
10,8,1,1
10,8,0,0
10,8,0,1
10,8,0,2
10,8,1,2
10,8,1,1
10,8,0,2
10,8,2,0
10,8,0,0
10,8,1,2
10,8,0,0
10,8,1,1
10,8,2,2
10,8,0,0
10,8,0,2
10,8,0,2
10,8,1,2
10,8,2,2
10,8,0,0
10,8,0,1
10,8,2,2
10,8,1,1
10,8,1,1
10,8,0,0
10,8,1,1
10,8,1,1
10,8,0,0
10,8,0,1
10,8,1,1
10,8,2,2
10,8,2,2
10,8,2,2
10,8,0,1
10,8,2,2
10,8,1,1
10,8,1,1
10,8,1,1
10,8,0,1
10,8,0,0
10,8,0,1
10,8,1,1
10,8,0,2
10,8,2,1
10,8,1,2
10,8,2,2
10,8,0,1
10,8,1,2
10,8,1,1
10,8,2,2
10,8,1,1
10,8,0,0
10,8,0,0
10,8,2,2
10,8,2,0
10,8,0,0
10,8,2,0
10,8,1,1
10,8,0,1
10,8,0,1
10,8,2,2
10,8,2,2
10,8,1,1
10,8,0,0
10,8,1,2
10,8,2,2
10,8,2,2
10,8,0,0
10,8,0,0
10,8,1,1
10,8,2,2
10,8,2,2
10,8,2,2
10,8,0,1
10,8,0,1
10,8,0,1
10,8,1,1
10,8,2,2
10,8,2,2
10,8,2,2
10,8,0,2
10,8,1,2
10,8,1,1
10,8,0,1
10,8,2,2
10,8,1,2
10,8,2,2
10,8,1,2
10,8,2,2
10,8,2,2
10,8,2,2
10,8,2,0
10,8,0,2
10,8,1,1
10,8,2,0
10,8,0,2
10,8,2,1
10,8,2,2
10,8,1,1
10,8,0,2
10,8,2,1
10,8,1,1
10,8,2,2
10,8,2,2
10,8,1,1
10,8,1,1
10,8,2,2
10,8,2,2
10,8,1,0
10,8,2,2
10,8,2,2
10,8,2,2
10,8,0,2
10,8,2,2
10,8,1,1
10,8,1,2
10,8,1,2
10,8,1,1
10,8,1,1
10,8,2,2
10,8,1,1
10,8,2,2
10,8,1,1
10,8,0,2
10,8,0,1
10,8,1,1
10,8,0,1
10,8,1,1
10,8,0,1
10,8,2,2
10,8,2,2
10,8,0,1
10,8,1,1
10,8,2,2
10,8,1,1
10,8,1,1
10,8,2,0
10,8,1,0
10,8,2,0
10,8,1,2
10,8,0,0
10,8,1,1
10,8,0,2
10,8,1,2
10,8,0,0
10,8,2,2
10,8,1,1
10,8,2,2
10,8,1,1
10,8,0,0
10,8,1,1
10,8,2,2
10,8,2,1
10,8,0,0
10,8,1,0
10,8,2,2
10,8,2,2
10,8,0,0
10,8,2,2
10,8,2,2
10,8,2,2
10,8,0,0
10,8,1,1
10,8,2,2
10,8,2,2
10,8,0,0
10,8,2,0
10,8,1,2
10,8,2,2
10,8,0,2
10,8,0,2
10,8,2,2
10,8,1,2
10,8,1,1
10,8,1,1
10,8,2,2
10,8,1,1
10,8,0,2
10,8,0,0
10,8,0,0
10,8,2,2
10,8,1,1
10,8,2,2
10,8,0,2
10,8,2,2
10,8,1,1
10,8,1,2
10,8,2,0
10,8,1,2
10,8,2,2
10,8,2,2
10,8,0,0
10,8,1,2
10,8,1,2
10,8,2,2
10,8,1,1
10,8,1,1
10,8,2,2
10,8,1,1
10,8,1,1
10,8,0,0
10,8,2,2
10,8,1,2
10,8,1,1
10,8,1,1
10,8,2,2
10,8,0,2
10,8,0,2
10,8,0,0
10,8,0,0
10,8,0,1
10,8,0,0
10,8,0,1
10,8,1,2
10,8,0,1
10,8,1,2
10,8,1,2
10,8,1,1
10,8,1,2
10,8,1,1
10,8,2,2
10,8,2,2
10,8,2,2
10,8,1,1
10,8,1,1
10,8,0,1
10,8,0,2
10,8,1,2
10,8,2,2
10,8,0,1
10,8,1,2
10,8,2,2
10,8,1,2
10,8,2,2
10,8,0,2
10,8,2,2
10,8,2,2
10,8,2,2
10,8,0,0
10,8,1,1
10,8,2,2
10,8,2,1
10,8,2,2
10,8,1,1
10,8,2,2
10,8,0,0
10,8,1,2
10,8,1,0
10,8,0,0
10,8,2,2
10,8,2,2
10,8,2,0
10,8,2,2
10,8,2,2
10,8,2,2
10,8,1,1
10,8,0,1
10,8,0,2
10,8,1,1
10,8,0,2
10,8,1,2
10,8,2,2
10,8,0,0
10,8,2,2
10,8,2,2
10,8,1,0
10,8,0,2
10,8,1,1
10,8,1,1
10,8,2,2
10,8,0,1
10,8,0,1
10,8,0,0
10,8,0,0
10,8,2,2
10,8,1,1
10,8,2,2
10,8,1,2
10,8,2,2
10,8,1,1
10,8,2,2
10,8,1,1
10,8,2,2
10,8,0,0
10,8,1,2
10,8,1,1
10,8,0,2
10,8,2,2
10,8,2,1
10,8,1,2
10,8,0,0
10,8,2,2
10,8,1,2
10,8,0,2
10,8,1,1
10,8,2,2
10,8,1,1
10,8,1,1
10,8,2,2
10,8,0,1
10,8,0,1
10,8,1,1
10,8,0,1
10,8,0,2
10,8,2,0
10,8,2,2
10,8,0,0
10,8,0,1
10,8,1,1
10,8,0,2
10,8,1,1
10,8,0,2
10,8,1,1
10,8,2,2
10,8,0,1
10,8,2,2
10,8,2,2
10,8,1,1
10,8,1,1
10,8,2,2
10,8,0,2
10,8,1,1
10,8,2,2
10,8,0,0
10,8,1,1
10,8,0,1
10,8,1,2
10,8,2,1
10,8,1,0
10,8,1,2
10,8,2,2
10,8,1,1
10,8,1,2
10,8,1,2
10,8,1,1
10,8,2,0
10,8,1,1
10,8,0,0
10,8,2,2
10,8,2,2
10,8,0,2
10,8,0,0
10,8,2,2
10,8,1,1
10,8,1,1
10,8,2,2
10,8,0,1
10,8,2,2
10,8,2,2
10,8,1,2
10,8,2,2
10,8,2,2
10,8,0,0
10,8,2,2
10,8,2,0
10,8,2,2
10,8,1,2
10,8,1,1
10,8,2,2
10,8,1,1
10,8,2,2
10,8,0,0
10,8,2,2
10,8,1,1
10,8,0,1
10,8,1,1
10,8,0,1
10,8,1,2
10,8,0,1
10,8,1,2
10,8,0,0
10,8,2,2
10,8,2,2
10,8,2,2
10,8,1,1
10,8,1,1
10,8,2,2
10,8,0,0
10,8,0,1
10,8,1,2
10,8,1,2
10,8,1,1
10,8,2,2
10,8,1,2
10,8,1,2
10,8,2,2
10,8,0,1
10,8,1,1
10,8,1,2
10,8,1,2
10,8,2,2
10,8,2,2
10,8,1,2
10,8,0,0
10,8,2,2
10,8,0,0
10,8,0,1
10,8,0,0
10,8,2,2
10,8,2,2
10,8,0,1
10,8,0,0
10,8,1,2
10,8,2,0
10,8,0,2
10,8,1,0
10,8,1,2
10,8,1,0
10,8,2,2
10,8,2,1
10,8,1,2
10,8,0,2
10,8,0,0
10,8,0,1
10,8,1,2
10,8,1,2
10,8,1,1
10,8,1,1
10,8,2,2
10,8,1,1
10,8,0,2
10,8,2,2
10,8,0,2
10,8,1,2
10,8,0,2
10,8,1,1
10,8,2,1
10,8,1,1
10,8,2,2
10,8,1,2
10,8,1,2
10,8,0,2
10,8,2,2
10,8,2,2
10,8,1,2
10,8,2,2
10,8,1,2
10,8,0,1
10,8,2,2
10,8,1,1
10,8,1,1
10,8,0,0
10,8,0,1
10,8,1,0
10,8,2,2
10,8,1,2
10,8,2,2
10,8,0,2
10,8,1,1
10,8,2,2
10,8,0,0
10,8,2,1
10,8,0,2
10,8,0,0
10,8,2,2
10,8,1,2
10,8,2,2
10,8,1,2
10,8,2,2
10,8,0,1
10,8,1,2
10,8,2,2
10,8,1,1
10,8,1,2
10,8,0,0
10,8,2,2
10,8,1,1
10,8,0,1
10,8,1,1
10,8,0,2
10,8,1,1
10,8,0,1
10,8,1,2
10,8,2,0
10,8,0,2
10,8,0,1
10,8,0,0
10,8,0,0
10,8,2,2
10,8,1,1
10,8,0,1
10,8,2,2
10,8,0,1
10,8,1,2
10,8,2,2
10,8,2,2
10,8,2,2
10,8,0,1
10,8,2,2
10,8,1,2
10,8,0,2
10,8,1,2
10,8,1,1
10,8,0,1
10,8,2,2
10,8,2,2
10,8,2,2
10,8,1,2
10,8,0,0
10,8,2,2
10,8,2,2
10,8,2,2
10,8,1,2
10,8,2,2
10,8,0,0
10,8,2,2
10,8,1,2
10,8,0,1
10,8,0,1
10,8,2,2
10,8,1,2
10,8,1,1
10,8,1,2
10,8,2,0
10,8,1,2
10,8,0,0
10,8,2,0
10,8,2,2
10,8,1,1
10,8,1,2
10,8,1,1
10,8,2,0
10,8,2,2
10,8,0,0
10,8,2,2
10,8,1,1
10,8,1,0
10,8,2,2
10,8,2,2
10,8,2,2
10,8,2,1
10,8,1,1
10,8,2,2
10,8,0,0
10,8,1,1
10,8,0,1
10,8,2,1
10,8,0,2
10,8,2,2
10,8,1,2
10,8,0,1
10,8,0,2
10,8,1,1
10,8,1,1
10,8,1,1
10,8,2,2
10,8,0,0
10,8,2,2
10,8,1,0
10,8,2,2
10,8,1,1
10,8,1,1
10,8,0,1
10,8,2,1
10,8,1,0
10,8,2,2
10,8,1,2
10,8,1,1
10,8,0,0
10,8,1,2
10,8,1,1
10,8,1,2
10,8,1,1
10,8,1,1
10,8,2,0
10,8,0,0
10,8,2,2
10,8,1,1
10,8,1,1
10,8,0,0
10,8,2,2
10,8,0,0
10,8,0,0
10,8,2,2
10,8,1,2
10,8,2,2
10,8,2,2
10,8,2,2
10,8,1,1
10,8,0,2
10,8,0,2
10,8,0,2
10,8,2,2
10,8,2,2
10,8,1,1
10,8,2,2
10,8,1,2
10,8,2,2
10,8,2,2
10,8,2,2
10,8,1,2
10,8,1,1
10,8,0,1
10,8,2,2
10,8,1,1
10,8,2,2
10,8,0,0
10,8,0,0
10,8,1,2
10,8,1,1
10,8,2,2
10,8,0,1
10,8,0,2
10,8,1,1
